ticket_id,created_at,resolved_at,status,priority,category,sla_hours,handling_time_hours,is_breach,customer_satisfaction
20001,2026-04-10 07:22:35,2026-04-11 06:06:23,Resolved,Medium,Billing,24,22.73,0,4
20002,2026-05-28 10:03:14,2026-05-29 22:44:38,Resolved,Medium,Delivery Issue,72,36.69,0,3
20003,2026-05-14 23:34:19,,In Progress,Low,Account Access,12,,0,
20004,2026-04-20 22:14:43,2026-04-21 00:56:07,Resolved,High,Account Access,12,2.69,0,5
20005,2026-04-07 05:03:23,,Open,Medium,Technical Support,48,,0,
20006,2026-04-28 14:23:49,2026-04-28 23:40:37,Resolved,Low,Account Access,12,9.28,0,5
20007,2026-05-21 05:57:48,2026-05-23 13:38:36,Closed,Low,Technical Support,48,55.68,1,2
20008,2026-04-07 15:24:23,2026-04-09 14:38:11,Resolved,High,Delivery Issue,72,47.23,0,3
20009,2026-04-21 02:32:46,2026-04-22 20:54:22,Resolved,Low,Technical Support,48,42.36,0,4
20010,2026-04-01 16:09:54,,Open,High,Billing,24,,0,
20011,2026-04-12 20:24:40,2026-04-13 06:55:52,Resolved,High,Billing,24,10.52,0,4
20012,2026-05-31 03:37:49,2026-05-31 05:42:37,Resolved,High,Account Access,12,2.08,0,5
20013,2026-05-19 01:47:13,,In Progress,Low,Delivery Issue,72,,0,
20014,2026-05-25 15:13:30,2026-05-27 06:20:06,Resolved,High,Delivery Issue,72,39.11,0,3
20015,2026-04-10 23:52:47,,Open,High,Delivery Issue,72,,0,
20016,2026-04-13 07:50:12,,In Progress,High,Account Access,12,,0,
20017,2026-04-01 09:36:08,2026-04-01 21:27:44,Resolved,Medium,Billing,24,11.86,0,4
20018,2026-05-11 06:14:28,2026-05-11 19:39:04,Resolved,Low,Billing,24,13.41,0,4
20019,2026-04-09 19:13:00,2026-04-15 01:31:00,Resolved,Low,Technical Support,48,126.3,1,2
20020,2026-04-01 14:55:18,,In Progress,High,Billing,24,,0,
20021,2026-05-24 18:40:53,2026-05-30 14:45:05,Closed,Medium,Delivery Issue,72,140.07,1,1
20022,2026-04-27 12:44:44,2026-04-27 16:19:32,Resolved,High,Account Access,12,3.58,0,5
20023,2026-04-13 22:55:18,,In Progress,Low,Delivery Issue,72,,0,
20024,2026-04-25 08:05:27,2026-04-25 10:13:15,Closed,Medium,Account Access,12,2.13,0,5
20025,2026-05-24 21:36:24,,In Progress,Medium,Account Access,12,,0,
20026,2026-04-24 20:04:22,,Open,High,Technical Support,48,,0,
20027,2026-04-20 12:12:24,2026-04-23 02:44:48,Closed,Medium,Technical Support,48,62.54,1,2
20028,2026-05-26 14:23:30,2026-05-27 13:52:54,Resolved,High,Delivery Issue,72,23.49,0,3
20029,2026-05-29 11:55:51,2026-05-30 03:25:51,Resolved,High,Technical Support,48,15.5,0,4
20030,2026-04-06 17:02:41,2026-04-07 23:16:29,Resolved,Medium,Technical Support,48,30.23,0,4
20031,2026-04-18 09:37:35,,Open,Medium,Technical Support,48,,0,
20032,2026-04-16 11:17:54,,Open,Low,Account Access,12,,0,
20033,2026-05-03 15:54:18,2026-05-04 11:35:06,Resolved,Low,Billing,24,19.68,0,4
20034,2026-04-26 08:47:19,,Open,High,Billing,24,,0,
20035,2026-04-23 22:06:33,2026-04-24 03:41:21,Resolved,High,Account Access,12,5.58,0,4
20036,2026-04-01 09:26:52,,Open,High,Billing,24,,0,
20037,2026-04-06 05:06:31,2026-04-06 10:37:43,Closed,Medium,Account Access,12,5.52,0,4
20038,2026-05-30 00:04:32,2026-06-03 19:03:56,Resolved,Medium,Delivery Issue,72,114.99,1,1
20039,2026-04-04 10:56:39,2026-04-05 01:15:51,Resolved,Medium,Billing,24,14.32,0,4
20040,2026-05-06 12:13:16,2026-05-06 23:16:16,Closed,Medium,Billing,24,11.05,0,5
20041,2026-04-05 02:31:11,2026-04-05 09:07:47,Resolved,High,Billing,24,6.61,0,4
20042,2026-04-26 17:58:17,2026-04-27 19:29:29,Closed,Medium,Technical Support,48,25.52,0,4
20043,2026-05-01 21:47:37,,In Progress,Low,Account Access,12,,0,
20044,2026-05-10 08:36:05,2026-05-12 22:13:17,Resolved,Medium,Technical Support,48,61.62,1,2
20045,2026-04-17 11:55:03,,Open,Low,Technical Support,48,,0,
20046,2026-05-28 22:38:24,,In Progress,High,Delivery Issue,72,,0,
20047,2026-04-13 14:37:44,2026-04-13 15:21:32,Resolved,High,Technical Support,48,0.73,0,4
20048,2026-05-17 01:32:55,,Open,Low,Billing,24,,0,
20049,2026-05-25 04:16:13,2026-05-25 15:52:49,Resolved,Low,Billing,24,11.61,0,4
20050,2026-04-19 23:45:07,2026-04-20 09:35:31,Resolved,High,Billing,24,9.84,0,4
20051,2026-05-06 00:08:12,2026-05-08 02:02:48,Resolved,Low,Delivery Issue,72,49.91,0,2
20052,2026-04-07 09:35:17,2026-04-07 22:13:05,Resolved,Medium,Billing,24,12.63,0,4
20053,2026-04-04 00:51:26,2026-04-05 07:38:14,Resolved,High,Technical Support,48,30.78,0,4
20054,2026-05-11 00:36:23,2026-05-11 10:40:35,Closed,Low,Account Access,12,10.07,0,4
20055,2026-05-12 19:56:39,2026-05-13 02:03:15,Closed,High,Billing,24,6.11,0,4
20056,2026-05-26 07:48:27,,Open,Medium,Technical Support,48,,0,
20057,2026-05-20 05:33:29,2026-05-23 04:54:29,Resolved,Medium,Technical Support,48,71.35,1,2
20058,2026-05-25 10:21:48,2026-05-25 14:34:24,Resolved,High,Account Access,12,4.21,0,5
20059,2026-05-05 05:15:52,,In Progress,Low,Account Access,12,,0,
20060,2026-05-26 17:43:20,,In Progress,High,Billing,24,,0,
20061,2026-05-03 08:57:14,2026-05-06 23:51:50,Closed,Medium,Delivery Issue,72,86.91,1,1
20062,2026-04-13 22:31:06,2026-04-18 17:52:42,Resolved,Low,Delivery Issue,72,115.36,1,1
20063,2026-05-20 11:04:38,,Open,High,Technical Support,48,,0,
20064,2026-05-29 18:10:51,,Open,Medium,Delivery Issue,72,,0,
20065,2026-05-29 13:35:54,2026-05-30 05:56:18,Resolved,Low,Billing,24,16.34,0,4
20066,2026-05-09 19:58:56,2026-05-10 05:40:56,Resolved,Low,Account Access,12,9.7,0,4
20067,2026-05-31 16:33:39,,Open,High,Billing,24,,0,
20068,2026-05-12 02:14:50,,Open,High,Technical Support,48,,0,
20069,2026-05-07 02:04:19,2026-05-08 04:47:31,Resolved,Low,Billing,24,26.72,1,2
20070,2026-04-19 17:43:22,,In Progress,Medium,Delivery Issue,72,,0,
20071,2026-05-17 03:23:57,2026-05-17 17:39:33,Resolved,Low,Billing,24,14.26,0,5
20072,2026-04-05 20:01:41,2026-04-08 02:41:53,Resolved,Medium,Delivery Issue,72,54.67,0,3
20073,2026-05-06 01:11:20,,Open,Medium,Billing,24,,0,
20074,2026-05-01 12:20:33,2026-05-02 09:33:45,Resolved,High,Technical Support,48,21.22,0,4
20075,2026-05-16 00:38:16,2026-05-18 05:23:16,Resolved,High,Delivery Issue,72,52.75,0,3
20076,2026-04-09 21:37:00,2026-04-10 03:42:24,Resolved,High,Account Access,12,6.09,0,4
20077,2026-04-26 09:26:51,2026-04-28 05:34:39,Resolved,High,Technical Support,48,44.13,0,4
20078,2026-04-12 03:11:47,,In Progress,High,Billing,24,,0,
20079,2026-05-23 01:50:46,,Open,Low,Billing,24,,0,
20080,2026-05-21 16:00:37,2026-05-22 00:19:13,Resolved,Medium,Account Access,12,8.31,0,5
20081,2026-04-21 22:08:07,2026-04-24 14:10:31,Resolved,High,Delivery Issue,72,64.04,0,3
20082,2026-04-01 17:37:43,2026-04-02 03:46:43,Resolved,Medium,Account Access,12,10.15,0,4
20083,2026-04-17 14:30:19,2026-04-19 23:24:55,Resolved,High,Delivery Issue,72,56.91,0,2
20084,2026-05-27 17:14:05,,In Progress,Low,Technical Support,48,,0,
20085,2026-04-20 22:50:26,2026-04-21 15:31:14,Resolved,Low,Billing,24,16.68,0,4
20086,2026-05-17 10:18:20,2026-05-19 09:09:56,Resolved,Medium,Technical Support,48,46.86,0,4
20087,2026-05-17 10:15:51,,Open,Low,Billing,24,,0,
20088,2026-05-20 11:54:21,2026-05-20 22:11:45,Resolved,High,Billing,24,10.29,0,4
20089,2026-04-26 16:42:24,2026-04-28 12:47:48,Resolved,Low,Technical Support,48,44.09,0,4
20090,2026-05-06 19:59:52,,Open,Low,Delivery Issue,72,,0,
20091,2026-05-29 04:33:58,,In Progress,High,Billing,24,,0,
20092,2026-05-07 23:23:14,,In Progress,Low,Account Access,12,,0,
20093,2026-04-24 06:18:17,,Open,Medium,Technical Support,48,,0,
20094,2026-05-15 16:15:02,2026-05-16 23:05:26,Resolved,High,Technical Support,48,30.84,0,4
20095,2026-04-29 06:29:11,2026-04-29 08:23:11,Resolved,High,Account Access,12,1.9,0,5
20096,2026-04-28 22:39:43,2026-04-30 15:05:31,Resolved,High,Delivery Issue,72,40.43,0,3
20097,2026-05-15 20:04:55,,Open,High,Account Access,12,,0,
20098,2026-05-19 17:09:37,,In Progress,High,Account Access,12,,0,
20099,2026-04-16 12:10:19,,In Progress,Medium,Account Access,12,,0,
20100,2026-04-23 18:28:59,,Open,High,Delivery Issue,72,,0,
20101,2026-04-07 05:21:24,2026-04-07 11:56:12,Closed,Low,Account Access,12,6.58,0,4
20102,2026-04-08 02:02:28,2026-04-08 18:16:16,Resolved,Low,Billing,24,16.23,0,4
20103,2026-04-01 15:30:28,2026-04-02 15:42:28,Resolved,Medium,Technical Support,48,24.2,0,4
20104,2026-05-22 07:44:14,2026-05-22 14:27:26,Resolved,Low,Billing,24,6.72,0,5
20105,2026-04-24 02:22:06,2026-04-24 10:52:42,Resolved,Medium,Billing,24,8.51,0,4
20106,2026-04-27 08:07:00,2026-04-29 03:13:36,Resolved,Medium,Technical Support,48,43.11,0,4
20107,2026-05-24 02:47:15,,In Progress,High,Technical Support,48,,0,
20108,2026-05-11 09:28:48,2026-05-12 01:52:48,Resolved,Low,Billing,24,16.4,0,4
20109,2026-05-09 01:55:30,2026-05-11 01:01:30,Closed,High,Technical Support,48,47.1,0,3
20110,2026-04-19 04:42:24,,In Progress,High,Technical Support,48,,0,
20111,2026-04-02 03:15:57,,Open,Medium,Technical Support,48,,0,
20112,2026-05-22 10:07:17,,Open,High,Billing,24,,0,
20113,2026-04-20 12:19:33,,In Progress,Low,Account Access,12,,0,
20114,2026-04-15 00:51:00,2026-04-17 22:25:12,Resolved,Low,Technical Support,48,69.57,1,2
20115,2026-05-02 15:03:13,,Open,High,Billing,24,,0,
20116,2026-05-16 11:22:13,,In Progress,High,Account Access,12,,0,
20117,2026-04-09 04:29:03,2026-04-09 17:24:51,Resolved,Medium,Delivery Issue,72,12.93,0,3
20118,2026-05-27 13:09:37,2026-05-28 11:53:25,Resolved,High,Technical Support,48,22.73,0,4
20119,2026-04-05 02:41:21,,In Progress,Low,Delivery Issue,72,,0,
20120,2026-04-25 02:19:01,2026-04-26 07:20:13,Resolved,Medium,Technical Support,48,29.02,0,4
20121,2026-04-29 17:41:29,2026-04-30 15:40:17,Closed,Low,Billing,24,21.98,0,4
20122,2026-04-30 18:17:58,2026-05-03 10:51:34,Resolved,Low,Technical Support,48,64.56,1,1
20123,2026-04-17 04:35:54,2026-04-17 06:47:54,Resolved,High,Account Access,12,2.2,0,4
20124,2026-05-20 06:08:18,,In Progress,Low,Billing,24,,0,
20125,2026-04-20 15:41:12,2026-04-20 22:38:12,Closed,High,Account Access,12,6.95,0,5
20126,2026-04-25 12:55:14,,In Progress,Low,Delivery Issue,72,,0,
20127,2026-05-08 09:53:37,2026-05-08 15:03:13,Resolved,High,Delivery Issue,72,5.16,0,3
20128,2026-04-10 11:24:06,2026-04-12 20:13:54,Resolved,Low,Technical Support,48,56.83,1,2
20129,2026-04-15 03:58:49,,Open,High,Delivery Issue,72,,0,
20130,2026-04-03 06:48:06,2026-04-03 16:39:42,Resolved,High,Billing,24,9.86,0,4
20131,2026-04-04 04:14:18,2026-04-04 15:53:18,Closed,Medium,Billing,24,11.65,0,4
20132,2026-05-17 13:24:08,2026-05-20 04:06:08,Closed,Low,Delivery Issue,72,62.7,0,3
20133,2026-05-28 23:47:32,2026-05-29 02:01:20,Closed,High,Account Access,12,2.23,0,5
20134,2026-05-31 18:36:33,2026-06-01 09:41:21,Resolved,Medium,Billing,24,15.08,0,5
20135,2026-04-01 17:38:25,2026-04-02 19:01:13,Resolved,High,Technical Support,48,25.38,0,4
20136,2026-05-30 01:20:34,2026-06-06 22:15:46,Resolved,Low,Delivery Issue,72,188.92,1,1
20137,2026-05-22 23:56:49,2026-05-26 13:35:13,Closed,Medium,Delivery Issue,72,85.64,1,1
20138,2026-05-06 06:26:51,2026-05-09 02:35:51,Resolved,Low,Technical Support,48,68.15,1,2
20139,2026-05-08 13:12:04,2026-05-08 18:14:28,Resolved,High,Account Access,12,5.04,0,5
20140,2026-04-16 19:29:54,,In Progress,Low,Technical Support,48,,0,
20141,2026-05-03 10:12:09,2026-05-03 20:56:33,Resolved,Low,Account Access,12,10.74,0,4
20142,2026-05-14 18:46:56,2026-05-15 02:06:08,Resolved,High,Account Access,12,7.32,0,5
20143,2026-04-07 05:26:53,2026-04-07 19:11:17,Resolved,Low,Account Access,12,13.74,1,3
20144,2026-04-18 00:40:17,,Open,Medium,Delivery Issue,72,,0,
20145,2026-05-12 20:59:47,2026-05-16 22:05:47,Resolved,Low,Delivery Issue,72,97.1,1,1
20146,2026-04-17 14:51:35,,In Progress,Low,Delivery Issue,72,,0,
20147,2026-04-21 14:02:22,,In Progress,Medium,Delivery Issue,72,,0,
20148,2026-05-14 02:22:40,2026-05-15 18:08:52,Resolved,Low,Delivery Issue,72,39.77,0,3
20149,2026-04-02 21:52:51,2026-04-03 00:09:39,Resolved,Medium,Account Access,12,2.28,0,5
20150,2026-04-14 09:23:24,2026-04-15 04:23:24,Resolved,High,Technical Support,48,19.0,0,4
20151,2026-05-30 06:40:23,2026-06-07 06:06:47,Resolved,Low,Delivery Issue,72,191.44,1,1
20152,2026-04-17 08:57:29,,In Progress,Low,Delivery Issue,72,,0,
20153,2026-04-20 06:10:19,2026-04-26 03:07:55,Resolved,Low,Delivery Issue,72,140.96,1,1
20154,2026-04-24 09:19:50,2026-04-24 16:38:26,Closed,High,Billing,24,7.31,0,4
20155,2026-05-17 17:56:40,2026-05-18 04:24:16,Resolved,Low,Account Access,12,10.46,0,4
20156,2026-05-15 01:46:21,2026-05-15 06:53:33,Closed,Low,Account Access,12,5.12,0,5
20157,2026-04-15 07:11:54,2026-04-18 22:49:06,Resolved,Medium,Delivery Issue,72,87.62,1,1
20158,2026-04-13 02:01:36,2026-04-13 14:50:12,Resolved,Medium,Billing,24,12.81,0,4
20159,2026-05-19 12:25:36,2026-05-19 17:25:36,Resolved,Medium,Account Access,12,5.0,0,5
20160,2026-04-23 15:44:09,2026-04-25 15:24:57,Resolved,Low,Technical Support,48,47.68,0,4
20161,2026-04-24 13:00:24,2026-04-24 18:51:24,Resolved,High,Billing,24,5.85,0,4
20162,2026-04-02 08:22:04,2026-04-03 02:58:04,Resolved,Medium,Technical Support,48,18.6,0,4
20163,2026-04-06 08:37:17,2026-04-06 10:31:17,Resolved,High,Account Access,12,1.9,0,5
20164,2026-04-03 01:06:39,2026-04-07 02:54:39,Resolved,Medium,Delivery Issue,72,97.8,1,1
20165,2026-05-28 02:56:36,2026-05-29 00:39:48,Resolved,High,Technical Support,48,21.72,0,3
20166,2026-05-21 07:05:38,2026-05-21 21:46:26,Resolved,Low,Billing,24,14.68,0,5
20167,2026-05-26 10:06:11,2026-05-27 20:18:11,Resolved,Low,Technical Support,48,34.2,0,4
20168,2026-05-09 07:55:40,2026-05-09 12:32:52,Closed,High,Billing,24,4.62,0,4
20169,2026-04-23 14:24:42,2026-04-23 19:46:54,Resolved,Medium,Account Access,12,5.37,0,5
20170,2026-05-04 08:39:14,,In Progress,Low,Technical Support,48,,0,
20171,2026-04-28 12:28:16,,Open,Medium,Billing,24,,0,
20172,2026-04-26 21:04:38,2026-04-27 09:38:14,Resolved,Medium,Billing,24,12.56,0,4
20173,2026-04-05 23:32:32,,In Progress,Low,Delivery Issue,72,,0,
20174,2026-04-16 12:35:52,2026-04-16 20:32:16,Resolved,Medium,Account Access,12,7.94,0,5
20175,2026-04-01 08:15:11,2026-04-02 19:52:23,Resolved,Medium,Technical Support,48,35.62,0,4
20176,2026-04-11 17:14:05,2026-04-13 06:22:29,Resolved,Medium,Technical Support,48,37.14,0,4
20177,2026-04-19 05:06:26,2026-04-19 11:28:02,Resolved,High,Billing,24,6.36,0,5
20178,2026-04-11 07:56:13,2026-04-11 16:58:01,Resolved,Medium,Account Access,12,9.03,0,5
20179,2026-05-02 08:59:34,2026-05-03 02:33:10,Resolved,High,Technical Support,48,17.56,0,4
20180,2026-05-03 07:03:38,2026-05-03 20:12:02,Resolved,High,Billing,24,13.14,0,4
20181,2026-05-21 17:52:58,,Open,Medium,Technical Support,48,,0,
20182,2026-05-10 11:39:16,,Open,Medium,Technical Support,48,,0,
20183,2026-05-21 18:05:46,2026-05-22 08:02:46,Resolved,Low,Billing,24,13.95,0,4
20184,2026-05-21 13:02:58,2026-05-22 21:59:22,Resolved,Medium,Technical Support,48,32.94,0,4
20185,2026-05-11 02:04:39,2026-05-17 08:09:27,Resolved,Low,Delivery Issue,72,150.08,1,1
20186,2026-05-20 23:02:07,2026-05-21 12:30:19,Resolved,High,Technical Support,48,13.47,0,4
20187,2026-04-03 18:40:34,2026-04-04 00:56:10,Resolved,Low,Billing,24,6.26,0,4
20188,2026-04-18 10:45:11,2026-04-21 11:52:23,Resolved,Low,Technical Support,48,73.12,1,2
20189,2026-04-18 04:51:19,2026-04-21 13:51:55,Resolved,Medium,Technical Support,48,81.01,1,1
20190,2026-04-29 20:18:01,2026-05-01 05:14:25,Resolved,Low,Billing,24,32.94,1,2
20191,2026-04-28 09:58:09,2026-04-29 16:05:21,Resolved,Medium,Technical Support,48,30.12,0,4
20192,2026-05-29 23:30:59,2026-06-02 10:39:59,Resolved,High,Delivery Issue,72,83.15,1,1
20193,2026-04-04 03:05:59,2026-04-04 04:25:11,Resolved,High,Account Access,12,1.32,0,4
20194,2026-04-19 08:11:21,,Open,Low,Technical Support,48,,0,
20195,2026-05-24 16:41:09,,In Progress,High,Delivery Issue,72,,0,
20196,2026-04-16 10:51:31,2026-04-16 22:51:31,Resolved,Medium,Billing,24,12.0,0,4
20197,2026-05-20 18:04:14,,In Progress,High,Delivery Issue,72,,0,
20198,2026-04-23 04:35:06,,In Progress,Medium,Delivery Issue,72,,0,
20199,2026-05-09 10:16:14,2026-05-09 13:40:50,Closed,High,Account Access,12,3.41,0,4
20200,2026-04-17 03:18:16,,Open,High,Account Access,12,,0,
20201,2026-04-04 03:56:00,,In Progress,Low,Delivery Issue,72,,0,
20202,2026-04-13 02:39:20,2026-04-20 16:05:08,Resolved,Low,Delivery Issue,72,181.43,1,1
20203,2026-05-25 04:23:05,2026-05-26 05:59:05,Resolved,High,Technical Support,48,25.6,0,4
20204,2026-05-09 09:13:46,2026-05-10 06:54:34,Resolved,High,Technical Support,48,21.68,0,4
20205,2026-04-23 05:55:33,2026-04-24 16:33:21,Resolved,Low,Technical Support,48,34.63,0,4
20206,2026-05-19 07:38:18,2026-05-19 17:07:06,Resolved,High,Technical Support,48,9.48,0,4
20207,2026-04-20 22:04:53,2026-04-22 11:19:53,Resolved,High,Technical Support,48,37.25,0,4
20208,2026-04-07 18:18:21,,In Progress,Medium,Account Access,12,,0,
20209,2026-04-11 18:10:30,,Open,Medium,Billing,24,,0,
20210,2026-04-13 20:50:56,2026-04-17 20:07:44,Resolved,Low,Delivery Issue,72,95.28,1,1
20211,2026-04-25 15:46:30,,In Progress,Low,Account Access,12,,0,
20212,2026-05-28 06:52:11,2026-05-28 10:38:23,Closed,High,Billing,24,3.77,0,4
20213,2026-04-07 10:50:18,2026-04-08 00:58:06,Resolved,Medium,Billing,24,14.13,0,5
20214,2026-05-16 19:45:48,2026-05-17 03:12:48,Resolved,Medium,Billing,24,7.45,0,4
20215,2026-04-30 01:05:22,2026-04-30 12:11:22,Resolved,Low,Account Access,12,11.1,0,5
20216,2026-04-30 10:26:31,2026-05-03 05:19:55,Resolved,Medium,Delivery Issue,72,66.89,0,3
20217,2026-05-11 00:45:56,,In Progress,High,Billing,24,,0,
20218,2026-05-19 06:45:04,2026-05-19 11:55:16,Resolved,Low,Billing,24,5.17,0,4
20219,2026-05-14 09:58:53,2026-05-16 19:42:05,Resolved,Low,Delivery Issue,72,57.72,0,3
20220,2026-05-01 21:52:45,2026-05-05 12:02:21,Closed,Medium,Delivery Issue,72,86.16,1,1
20221,2026-04-15 03:20:06,,Open,Low,Delivery Issue,72,,0,
20222,2026-04-26 02:45:54,2026-04-26 13:15:54,Resolved,Medium,Billing,24,10.5,0,5
20223,2026-05-30 11:50:39,2026-06-05 04:45:15,Resolved,Low,Delivery Issue,72,136.91,1,1
20224,2026-04-10 23:22:12,2026-04-11 01:14:24,Resolved,High,Billing,24,1.87,0,5
20225,2026-04-10 06:44:46,2026-04-11 20:05:10,Resolved,Low,Technical Support,48,37.34,0,4
20226,2026-05-06 03:01:18,,In Progress,Low,Billing,24,,0,
20227,2026-05-20 20:42:08,2026-05-21 23:30:44,Resolved,Low,Billing,24,26.81,1,2
20228,2026-04-01 20:43:48,2026-04-02 09:25:48,Closed,Medium,Technical Support,48,12.7,0,4
20229,2026-04-29 01:59:05,,Open,Medium,Technical Support,48,,0,
20230,2026-04-27 12:22:42,,In Progress,Low,Billing,24,,0,
20231,2026-05-17 19:30:03,2026-05-18 00:37:51,Closed,Medium,Billing,24,5.13,0,5
20232,2026-05-21 11:18:51,2026-05-22 08:33:51,Resolved,High,Technical Support,48,21.25,0,4
20233,2026-04-01 13:21:23,,Open,Low,Billing,24,,0,
20234,2026-05-15 16:16:15,2026-05-16 00:37:15,Resolved,Low,Account Access,12,8.35,0,5
20235,2026-04-17 19:37:51,2026-04-17 23:07:15,Resolved,High,Billing,24,3.49,0,4
20236,2026-05-27 13:05:17,2026-05-31 08:29:17,Resolved,Medium,Delivery Issue,72,91.4,1,1
20237,2026-05-19 21:18:24,,In Progress,Medium,Billing,24,,0,
20238,2026-05-17 23:21:34,2026-05-18 09:19:10,Closed,Low,Account Access,12,9.96,0,5
20239,2026-05-23 18:56:29,2026-05-27 23:05:29,Resolved,Medium,Delivery Issue,72,100.15,1,1
20240,2026-05-03 16:01:58,2026-05-05 21:50:34,Resolved,High,Delivery Issue,72,53.81,0,3
20241,2026-05-24 04:34:27,2026-05-24 19:00:51,Resolved,High,Technical Support,48,14.44,0,4
20242,2026-05-31 03:04:43,,In Progress,Medium,Delivery Issue,72,,0,
20243,2026-05-18 08:37:48,,Open,Medium,Delivery Issue,72,,0,
20244,2026-05-03 14:49:22,2026-05-04 02:24:10,Resolved,Low,Account Access,12,11.58,0,5
20245,2026-04-06 20:44:59,,In Progress,Low,Billing,24,,0,
20246,2026-05-29 18:25:15,2026-05-29 23:57:39,Resolved,Medium,Account Access,12,5.54,0,4
20247,2026-05-17 04:53:03,,Open,Low,Delivery Issue,72,,0,
20248,2026-05-15 07:52:35,2026-05-18 08:02:11,Resolved,Medium,Delivery Issue,72,72.16,1,1
20249,2026-05-03 18:00:41,,In Progress,Medium,Delivery Issue,72,,0,
20250,2026-04-02 04:26:05,2026-04-02 21:05:41,Resolved,Medium,Billing,24,16.66,0,4
20251,2026-04-25 09:09:13,2026-04-30 11:14:37,Resolved,Medium,Delivery Issue,72,122.09,1,1
20252,2026-04-30 05:17:39,,Open,High,Account Access,12,,0,
20253,2026-05-09 10:16:52,,In Progress,High,Account Access,12,,0,
20254,2026-05-03 20:46:07,2026-05-05 01:49:43,Resolved,High,Delivery Issue,72,29.06,0,3
20255,2026-04-25 11:31:36,2026-04-28 18:19:00,Resolved,Low,Delivery Issue,72,78.79,1,1
20256,2026-04-30 02:28:46,2026-04-30 10:25:10,Resolved,High,Billing,24,7.94,0,5
20257,2026-05-03 11:43:30,2026-05-03 15:58:30,Resolved,High,Account Access,12,4.25,0,4
20258,2026-05-10 00:12:08,2026-05-11 16:50:32,Resolved,Low,Technical Support,48,40.64,0,4
20259,2026-04-10 17:12:12,,Open,Medium,Account Access,12,,0,
20260,2026-05-19 21:38:01,2026-05-21 00:18:13,Resolved,Medium,Technical Support,48,26.67,0,4
20261,2026-05-12 00:15:50,2026-05-17 10:36:14,Resolved,Low,Delivery Issue,72,130.34,1,1
20262,2026-04-27 01:57:01,2026-04-27 09:21:01,Closed,High,Technical Support,48,7.4,0,4
20263,2026-05-26 10:27:54,2026-05-26 20:30:54,Closed,Medium,Account Access,12,10.05,0,4
20264,2026-04-24 01:53:28,2026-04-29 03:33:04,Resolved,Low,Delivery Issue,72,121.66,1,1
20265,2026-05-16 05:34:43,2026-05-16 20:08:55,Resolved,Low,Billing,24,14.57,0,4
20266,2026-04-07 00:07:16,2026-04-13 21:30:40,Resolved,Low,Delivery Issue,72,165.39,1,1
20267,2026-04-30 01:09:34,2026-04-30 07:55:46,Resolved,Medium,Account Access,12,6.77,0,4
20268,2026-05-28 18:00:16,,Open,Medium,Delivery Issue,72,,0,
20269,2026-05-02 09:40:05,2026-05-03 04:10:41,Resolved,Low,Billing,24,18.51,0,5
20270,2026-05-18 15:08:51,2026-05-20 11:22:39,Resolved,Low,Technical Support,48,44.23,0,4
20271,2026-05-26 17:40:24,,In Progress,Medium,Account Access,12,,0,
20272,2026-05-15 11:37:12,2026-05-15 20:12:00,Closed,High,Billing,24,8.58,0,4
20273,2026-04-22 08:56:16,2026-04-24 11:15:28,Closed,High,Delivery Issue,72,50.32,0,3
20274,2026-05-17 21:41:46,2026-05-19 06:15:22,Resolved,High,Technical Support,48,32.56,0,3
20275,2026-04-28 19:19:29,2026-04-29 03:33:53,Resolved,Medium,Billing,24,8.24,0,4
20276,2026-05-13 10:19:12,2026-05-16 07:31:48,Resolved,Medium,Technical Support,48,69.21,1,2
20277,2026-05-03 12:22:14,2026-05-03 15:21:02,Resolved,High,Account Access,12,2.98,0,5
20278,2026-05-03 16:06:59,,Open,Medium,Account Access,12,,0,
20279,2026-05-11 07:39:49,2026-05-13 03:04:25,Closed,High,Delivery Issue,72,43.41,0,3
20280,2026-05-02 02:04:34,2026-05-04 12:12:22,Closed,Low,Technical Support,48,58.13,1,2
20281,2026-04-27 23:04:17,2026-04-28 15:20:29,Resolved,Medium,Billing,24,16.27,0,4
20282,2026-04-22 06:56:17,2026-04-22 21:34:41,Resolved,Medium,Billing,24,14.64,0,4
20283,2026-04-05 16:16:24,2026-04-09 21:30:48,Resolved,Low,Delivery Issue,72,101.24,1,1
20284,2026-04-10 17:48:38,2026-04-11 03:42:02,Resolved,High,Billing,24,9.89,0,4
20285,2026-04-08 05:27:16,2026-04-08 12:22:28,Resolved,High,Billing,24,6.92,0,5
20286,2026-05-25 16:00:07,,Open,Medium,Technical Support,48,,0,
20287,2026-04-13 13:28:42,2026-04-13 23:31:06,Resolved,High,Billing,24,10.04,0,5
20288,2026-04-30 03:57:03,,Open,High,Account Access,12,,0,
20289,2026-05-06 22:19:39,2026-05-07 07:55:39,Closed,Low,Account Access,12,9.6,0,4
20290,2026-05-26 04:31:13,2026-05-27 15:09:37,Closed,Medium,Technical Support,48,34.64,0,4
20291,2026-04-04 13:36:55,,Open,High,Billing,24,,0,
20292,2026-05-18 19:43:24,2026-05-19 16:41:36,Resolved,Low,Billing,24,20.97,0,4
20293,2026-05-21 04:51:32,2026-05-21 09:13:44,Resolved,High,Account Access,12,4.37,0,4
20294,2026-05-28 15:00:10,2026-06-02 09:01:22,Resolved,Low,Delivery Issue,72,114.02,1,1
20295,2026-04-02 02:31:30,2026-04-07 08:35:06,Resolved,Low,Delivery Issue,72,126.06,1,1
20296,2026-04-27 08:42:42,2026-05-02 16:58:18,Resolved,Low,Delivery Issue,72,128.26,1,1
20297,2026-04-21 13:14:59,2026-04-23 03:05:23,Resolved,Medium,Technical Support,48,37.84,0,4
20298,2026-04-08 03:13:52,2026-04-11 05:26:28,Resolved,Medium,Delivery Issue,72,74.21,1,1
20299,2026-04-26 01:11:03,2026-04-27 06:55:27,Resolved,Medium,Technical Support,48,29.74,0,3
20300,2026-05-06 11:22:30,2026-05-07 08:26:42,Resolved,High,Delivery Issue,72,21.07,0,3
20301,2026-05-18 16:03:49,,Open,High,Delivery Issue,72,,0,
20302,2026-04-09 04:25:18,2026-04-11 09:09:42,Resolved,High,Delivery Issue,72,52.74,0,3
20303,2026-05-14 06:49:56,2026-05-19 13:51:44,Resolved,Medium,Delivery Issue,72,127.03,1,1
20304,2026-04-06 00:02:41,,Open,Medium,Billing,24,,0,
20305,2026-04-07 07:27:11,2026-04-07 13:43:59,Closed,Medium,Billing,24,6.28,0,4
20306,2026-05-12 19:25:31,,In Progress,Low,Delivery Issue,72,,0,
20307,2026-04-14 17:45:28,2026-04-16 11:32:16,Resolved,Medium,Delivery Issue,72,41.78,0,3
20308,2026-04-21 10:05:33,,In Progress,Low,Delivery Issue,72,,0,
20309,2026-04-29 14:00:03,2026-04-30 19:07:15,Resolved,Medium,Technical Support,48,29.12,0,4
20310,2026-04-16 10:11:04,2026-04-17 08:36:52,Closed,Low,Technical Support,48,22.43,0,4
20311,2026-04-27 09:26:21,,Open,Medium,Delivery Issue,72,,0,
20312,2026-05-12 23:57:43,2026-05-13 06:14:31,Resolved,High,Billing,24,6.28,0,4
20313,2026-04-25 05:28:58,2026-04-28 08:50:34,Closed,Medium,Delivery Issue,72,75.36,1,1
20314,2026-05-06 07:09:54,2026-05-06 09:30:18,Closed,Medium,Billing,24,2.34,0,4
20315,2026-04-22 03:08:16,2026-04-24 17:14:52,Resolved,Low,Delivery Issue,72,62.11,0,3
20316,2026-05-05 15:29:37,,Open,Low,Technical Support,48,,0,
20317,2026-05-12 22:25:43,2026-05-13 00:02:55,Closed,Low,Account Access,12,1.62,0,4
20318,2026-04-17 18:53:07,2026-04-18 00:03:55,Resolved,High,Account Access,12,5.18,0,4
20319,2026-05-14 21:23:41,2026-05-15 06:29:41,Resolved,High,Billing,24,9.1,0,4
20320,2026-04-04 21:23:06,2026-04-05 02:29:42,Resolved,Low,Account Access,12,5.11,0,5
20321,2026-05-28 12:06:12,2026-05-28 20:53:36,Resolved,Medium,Billing,24,8.79,0,4
20322,2026-05-16 17:13:46,2026-05-19 19:40:46,Resolved,Low,Delivery Issue,72,74.45,1,1
20323,2026-05-13 03:53:50,2026-05-14 18:38:50,Resolved,High,Delivery Issue,72,38.75,0,3
20324,2026-05-10 16:21:51,2026-05-11 10:11:03,Resolved,High,Billing,24,17.82,0,4
20325,2026-05-28 21:39:19,2026-05-30 10:27:55,Resolved,High,Delivery Issue,72,36.81,0,3
20326,2026-04-02 19:07:12,2026-04-03 06:00:00,Resolved,Low,Account Access,12,10.88,0,5
20327,2026-05-29 14:17:52,,In Progress,Low,Delivery Issue,72,,0,
20328,2026-04-29 23:11:04,,Open,High,Billing,24,,0,
20329,2026-04-09 14:07:53,,Open,Medium,Technical Support,48,,0,
20330,2026-05-17 04:13:48,2026-05-19 22:57:36,Resolved,Medium,Delivery Issue,72,66.73,0,3
20331,2026-05-07 19:05:10,2026-05-08 18:00:22,Resolved,Low,Billing,24,22.92,0,4
20332,2026-05-31 11:54:50,,In Progress,Low,Technical Support,48,,0,
20333,2026-05-16 14:06:12,2026-05-16 22:11:36,Resolved,Low,Account Access,12,8.09,0,4
20334,2026-05-14 05:24:14,2026-05-14 17:02:38,Resolved,Medium,Billing,24,11.64,0,5
20335,2026-05-11 22:06:23,2026-05-12 03:24:59,Resolved,Low,Account Access,12,5.31,0,5
20336,2026-05-11 21:51:20,2026-05-14 20:30:20,Closed,High,Delivery Issue,72,70.65,0,3
20337,2026-04-09 16:33:34,2026-04-09 19:56:22,Resolved,High,Account Access,12,3.38,0,4
20338,2026-05-05 14:36:33,2026-05-09 04:54:33,Resolved,Medium,Delivery Issue,72,86.3,1,1
20339,2026-05-20 02:18:21,2026-05-21 02:01:33,Resolved,Medium,Technical Support,48,23.72,0,4
20340,2026-05-25 22:11:37,2026-05-26 07:17:37,Resolved,Medium,Billing,24,9.1,0,4
20341,2026-05-15 14:12:30,,In Progress,High,Delivery Issue,72,,0,
20342,2026-04-13 11:38:54,2026-04-13 17:22:06,Resolved,High,Account Access,12,5.72,0,5
20343,2026-05-22 19:39:35,,Open,Low,Account Access,12,,0,
20344,2026-05-03 08:00:03,2026-05-05 01:22:51,Resolved,Low,Technical Support,48,41.38,0,4
20345,2026-04-15 00:29:11,2026-04-22 00:53:47,Resolved,Low,Delivery Issue,72,168.41,1,1
20346,2026-05-15 12:38:31,2026-05-15 20:27:07,Resolved,High,Billing,24,7.81,0,4
20347,2026-05-16 20:35:26,2026-05-23 04:13:14,Resolved,Low,Delivery Issue,72,151.63,1,1
20348,2026-04-29 13:44:25,2026-04-29 15:45:01,Closed,Medium,Delivery Issue,72,2.01,0,3
20349,2026-04-23 02:02:06,2026-04-23 10:10:30,Resolved,Medium,Account Access,12,8.14,0,5
20350,2026-05-07 02:11:54,2026-05-08 18:49:06,Resolved,High,Delivery Issue,72,40.62,0,2
20351,2026-05-09 08:34:50,2026-05-09 17:04:50,Resolved,Medium,Account Access,12,8.5,0,5
20352,2026-04-06 07:04:21,2026-04-07 18:39:45,Resolved,High,Technical Support,48,35.59,0,4
20353,2026-04-11 19:04:57,,In Progress,Low,Billing,24,,0,
20354,2026-05-30 15:40:47,,Open,High,Account Access,12,,0,
20355,2026-05-15 08:04:40,,Open,High,Technical Support,48,,0,
20356,2026-05-02 09:08:53,,In Progress,High,Delivery Issue,72,,0,
20357,2026-04-14 00:05:14,2026-04-14 13:01:38,Resolved,Medium,Technical Support,48,12.94,0,4
20358,2026-04-10 08:52:24,,In Progress,Medium,Technical Support,48,,0,
20359,2026-05-26 08:53:50,,Open,High,Technical Support,48,,0,
20360,2026-05-14 14:20:49,2026-05-14 21:01:01,Resolved,High,Technical Support,48,6.67,0,4
20361,2026-05-24 04:58:30,,In Progress,High,Billing,24,,0,
20362,2026-05-01 13:17:59,,In Progress,Low,Account Access,12,,0,
20363,2026-05-11 15:32:11,2026-05-13 08:47:11,Resolved,High,Delivery Issue,72,41.25,0,3
20364,2026-04-08 08:38:28,2026-04-08 12:20:28,Resolved,Low,Account Access,12,3.7,0,4
20365,2026-05-09 20:51:42,2026-05-13 22:29:30,Resolved,Low,Delivery Issue,72,97.63,1,1
20366,2026-04-27 14:23:43,2026-04-28 06:18:19,Closed,Low,Billing,24,15.91,0,5
20367,2026-04-18 08:50:19,2026-04-19 21:38:19,Resolved,High,Delivery Issue,72,36.8,0,3
20368,2026-04-25 16:32:41,2026-04-26 15:41:05,Closed,High,Technical Support,48,23.14,0,4
20369,2026-04-13 14:56:48,2026-04-13 16:45:24,Resolved,Medium,Account Access,12,1.81,0,5
20370,2026-05-08 14:10:59,2026-05-08 17:17:35,Resolved,Medium,Account Access,12,3.11,0,5
20371,2026-05-17 00:04:41,,In Progress,Low,Account Access,12,,0,
20372,2026-04-25 13:56:18,2026-04-25 17:34:42,Resolved,Medium,Account Access,12,3.64,0,5
20373,2026-05-23 05:12:11,2026-05-23 08:58:23,Resolved,Medium,Account Access,12,3.77,0,5
20374,2026-04-23 22:20:54,2026-04-24 21:22:06,Resolved,Low,Billing,24,23.02,0,5
20375,2026-04-06 00:40:31,,Open,Medium,Technical Support,48,,0,
20376,2026-04-04 10:21:28,2026-04-06 21:39:28,Closed,Medium,Delivery Issue,72,59.3,0,3
20377,2026-05-05 10:46:22,2026-05-05 13:57:10,Resolved,Low,Account Access,12,3.18,0,4
20378,2026-05-17 12:52:15,2026-05-17 19:37:15,Closed,Low,Account Access,12,6.75,0,5
20379,2026-05-11 07:07:21,,In Progress,Low,Technical Support,48,,0,
20380,2026-05-08 02:45:32,2026-05-10 12:12:32,Resolved,High,Delivery Issue,72,57.45,0,3
20381,2026-04-10 07:37:36,,In Progress,Low,Account Access,12,,0,
20382,2026-05-04 20:15:30,2026-05-05 00:51:30,Resolved,High,Account Access,12,4.6,0,5
20383,2026-05-06 09:04:20,2026-05-07 01:54:44,Resolved,Medium,Billing,24,16.84,0,4
20384,2026-04-16 02:31:10,,In Progress,Medium,Billing,24,,0,
20385,2026-05-27 01:34:49,2026-05-29 15:32:25,Resolved,Low,Technical Support,48,61.96,1,2
20386,2026-04-28 03:27:31,2026-04-28 07:41:55,Closed,High,Account Access,12,4.24,0,4
20387,2026-04-07 14:49:00,2026-04-09 19:29:12,Resolved,Medium,Delivery Issue,72,52.67,0,3
20388,2026-05-09 04:58:27,,In Progress,High,Technical Support,48,,0,
20389,2026-05-12 10:32:18,2026-05-13 19:17:18,Resolved,Medium,Technical Support,48,32.75,0,4
20390,2026-04-01 04:06:29,2026-04-01 14:21:29,Resolved,Low,Account Access,12,10.25,0,4
20391,2026-05-09 11:04:05,,In Progress,High,Billing,24,,0,
20392,2026-04-16 18:22:16,2026-04-18 16:48:04,Resolved,High,Delivery Issue,72,46.43,0,2
20393,2026-04-19 10:22:33,2026-04-20 01:08:09,Resolved,Medium,Billing,24,14.76,0,4
20394,2026-04-22 10:05:58,2026-04-24 12:20:58,Resolved,Medium,Technical Support,48,50.25,1,2
20395,2026-05-01 07:04:33,2026-05-06 18:34:33,Resolved,Medium,Delivery Issue,72,131.5,1,1
20396,2026-05-01 05:12:18,2026-05-02 03:11:06,Resolved,High,Technical Support,48,21.98,0,4
20397,2026-04-05 18:22:46,2026-04-10 11:06:34,Resolved,Low,Delivery Issue,72,112.73,1,1
20398,2026-05-01 21:34:25,,In Progress,High,Technical Support,48,,0,
20399,2026-05-06 14:30:01,2026-05-06 21:26:25,Resolved,High,Billing,24,6.94,0,4
20400,2026-05-22 23:53:15,2026-05-23 10:23:15,Resolved,Medium,Billing,24,10.5,0,4
20401,2026-04-18 15:04:58,2026-04-19 04:30:10,Resolved,Medium,Billing,24,13.42,0,4
20402,2026-04-05 04:54:16,2026-04-05 12:53:04,Resolved,Low,Account Access,12,7.98,0,5
20403,2026-05-26 08:39:18,2026-05-26 15:47:42,Resolved,High,Billing,24,7.14,0,5
20404,2026-05-10 13:51:41,2026-05-17 23:49:17,Resolved,Low,Delivery Issue,72,177.96,1,1
20405,2026-05-03 07:43:16,2026-05-03 11:36:04,Resolved,High,Account Access,12,3.88,0,5
20406,2026-05-28 22:02:07,2026-06-01 22:27:19,Resolved,Medium,Delivery Issue,72,96.42,1,1
20407,2026-05-12 03:52:40,2026-05-15 16:03:28,Closed,Low,Delivery Issue,72,84.18,1,1
20408,2026-04-16 18:17:07,2026-04-17 01:00:55,Resolved,High,Billing,24,6.73,0,4
20409,2026-05-23 20:39:53,2026-05-24 04:41:41,Resolved,Medium,Billing,24,8.03,0,4
20410,2026-05-24 07:07:17,,Open,Medium,Billing,24,,0,
20411,2026-04-27 00:21:27,2026-04-27 20:53:51,Resolved,Low,Billing,24,20.54,0,5
20412,2026-05-05 20:19:10,2026-05-06 16:26:58,Resolved,Low,Delivery Issue,72,20.13,0,3
20413,2026-04-10 03:33:10,2026-04-10 10:40:58,Resolved,High,Billing,24,7.13,0,4
20414,2026-05-31 03:25:35,2026-06-01 23:59:11,Resolved,Low,Technical Support,48,44.56,0,4
20415,2026-04-23 07:08:01,,In Progress,Medium,Delivery Issue,72,,0,
20416,2026-05-11 21:16:07,2026-05-18 09:05:55,Resolved,Low,Delivery Issue,72,155.83,1,1
20417,2026-05-04 22:25:03,,In Progress,High,Billing,24,,0,
20418,2026-05-03 03:13:24,,Open,Medium,Billing,24,,0,
20419,2026-04-30 12:53:34,2026-05-01 03:52:58,Resolved,Medium,Billing,24,14.99,0,4
20420,2026-04-15 05:59:01,2026-04-15 12:30:49,Resolved,Medium,Account Access,12,6.53,0,4
20421,2026-05-10 09:39:47,2026-05-11 20:45:47,Resolved,Medium,Technical Support,48,35.1,0,4
20422,2026-04-28 15:07:26,2026-04-30 20:00:50,Resolved,High,Delivery Issue,72,52.89,0,3
20423,2026-05-22 19:01:32,2026-05-23 08:00:20,Resolved,Low,Billing,24,12.98,0,5
20424,2026-05-27 20:43:38,2026-05-28 04:49:02,Resolved,Low,Account Access,12,8.09,0,5
20425,2026-05-05 21:10:59,2026-05-06 09:37:23,Resolved,Low,Billing,24,12.44,0,4
20426,2026-04-20 14:04:46,2026-04-23 10:43:10,Resolved,High,Delivery Issue,72,68.64,0,3
20427,2026-05-11 13:53:32,2026-05-13 08:51:08,Resolved,Low,Technical Support,48,42.96,0,3
20428,2026-05-29 18:10:41,2026-05-30 03:58:05,Resolved,Low,Account Access,12,9.79,0,5
20429,2026-05-20 09:33:52,2026-05-20 22:54:52,Resolved,Low,Billing,24,13.35,0,5
20430,2026-04-17 10:09:14,2026-04-17 23:12:14,Resolved,Medium,Billing,24,13.05,0,4
20431,2026-05-29 10:34:15,2026-05-30 02:57:39,Closed,High,Technical Support,48,16.39,0,3
20432,2026-04-07 00:41:56,2026-04-07 05:10:44,Resolved,High,Billing,24,4.48,0,4
20433,2026-05-10 18:22:43,2026-05-12 03:49:07,Resolved,Medium,Technical Support,48,33.44,0,4
20434,2026-04-22 19:56:25,,In Progress,Medium,Billing,24,,0,
20435,2026-04-06 13:26:28,,Open,High,Account Access,12,,0,
20436,2026-04-10 05:44:59,,Open,Medium,Technical Support,48,,0,
20437,2026-05-22 18:43:13,,In Progress,Medium,Billing,24,,0,
20438,2026-05-28 23:51:50,,Open,Low,Billing,24,,0,
20439,2026-05-23 13:56:25,2026-05-24 00:14:25,Resolved,High,Billing,24,10.3,0,4
20440,2026-04-25 23:41:04,,In Progress,High,Billing,24,,0,
20441,2026-04-23 03:38:38,,In Progress,Medium,Billing,24,,0,
20442,2026-04-02 14:02:55,,In Progress,Low,Account Access,12,,0,
20443,2026-05-17 07:31:49,2026-05-18 12:18:01,Resolved,Medium,Technical Support,48,28.77,0,4
20444,2026-05-31 11:31:44,2026-06-01 15:24:32,Resolved,High,Technical Support,48,27.88,0,4
20445,2026-04-22 02:55:41,,Open,Low,Delivery Issue,72,,0,
20446,2026-05-14 04:21:31,2026-05-15 13:19:07,Closed,Medium,Technical Support,48,32.96,0,4
20447,2026-05-02 00:58:22,2026-05-06 18:44:34,Resolved,Low,Technical Support,48,113.77,1,2
20448,2026-04-11 11:20:21,,In Progress,Medium,Billing,24,,0,
20449,2026-04-07 23:31:30,2026-04-08 16:44:42,Resolved,High,Technical Support,48,17.22,0,4
20450,2026-04-17 07:36:02,2026-04-17 22:41:26,Resolved,Low,Billing,24,15.09,0,4
20451,2026-04-10 14:57:00,2026-04-11 09:54:00,Resolved,Medium,Billing,24,18.95,0,5
20452,2026-04-09 13:29:50,2026-04-09 15:02:50,Resolved,Medium,Billing,24,1.55,0,4
20453,2026-04-09 01:24:09,2026-04-10 06:57:45,Resolved,High,Delivery Issue,72,29.56,0,3
20454,2026-05-15 23:54:16,2026-05-16 08:19:28,Resolved,High,Billing,24,8.42,0,4
20455,2026-05-07 23:15:11,2026-05-11 07:49:23,Resolved,Low,Technical Support,48,80.57,1,2
20456,2026-04-14 17:53:18,2026-04-14 21:35:18,Resolved,High,Account Access,12,3.7,0,4
20457,2026-04-29 01:56:36,2026-05-04 06:11:36,Resolved,Low,Delivery Issue,72,124.25,1,1
20458,2026-05-24 17:29:53,,In Progress,Medium,Technical Support,48,,0,
20459,2026-04-10 15:21:28,2026-04-10 21:14:16,Resolved,Medium,Account Access,12,5.88,0,5
20460,2026-05-03 05:45:34,2026-05-05 15:46:46,Resolved,Medium,Delivery Issue,72,58.02,0,3
20461,2026-05-27 12:53:20,,In Progress,High,Account Access,12,,0,
20462,2026-05-08 04:54:16,2026-05-09 15:42:52,Resolved,Medium,Technical Support,48,34.81,0,4
20463,2026-05-13 21:15:55,2026-05-14 08:19:31,Resolved,High,Billing,24,11.06,0,4
20464,2026-05-29 11:26:05,2026-05-29 17:48:17,Closed,Medium,Billing,24,6.37,0,4
20465,2026-04-18 05:25:51,,Open,High,Account Access,12,,0,
20466,2026-04-01 04:38:58,,In Progress,High,Technical Support,48,,0,
20467,2026-05-15 03:48:02,2026-05-15 19:09:02,Resolved,High,Technical Support,48,15.35,0,4
20468,2026-05-12 17:32:36,2026-05-19 07:50:36,Resolved,Low,Delivery Issue,72,158.3,1,1
20469,2026-04-02 16:14:58,,In Progress,Low,Account Access,12,,0,
20470,2026-04-21 02:22:09,2026-04-23 21:40:09,Resolved,Medium,Delivery Issue,72,67.3,0,3
20471,2026-04-20 09:52:29,,Open,Medium,Billing,24,,0,
20472,2026-04-17 07:49:32,2026-04-17 18:45:56,Resolved,Low,Account Access,12,10.94,0,4
20473,2026-05-05 00:23:57,2026-05-05 09:02:21,Closed,Low,Billing,24,8.64,0,4
20474,2026-04-06 17:50:17,2026-04-08 15:37:41,Closed,Low,Technical Support,48,45.79,0,3
20475,2026-04-22 05:51:17,2026-04-22 16:22:29,Resolved,Low,Account Access,12,10.52,0,4
20476,2026-04-30 01:11:48,2026-05-02 10:45:24,Closed,High,Delivery Issue,72,57.56,0,3
20477,2026-04-22 14:33:51,2026-04-22 20:33:51,Resolved,Low,Account Access,12,6.0,0,5
20478,2026-05-23 13:23:03,,In Progress,High,Billing,24,,0,
20479,2026-05-10 18:36:04,2026-05-13 13:31:16,Resolved,High,Delivery Issue,72,66.92,0,3
20480,2026-04-25 10:13:27,2026-04-25 11:18:15,Resolved,Medium,Account Access,12,1.08,0,5
20481,2026-04-10 06:44:14,2026-04-11 07:03:26,Resolved,High,Delivery Issue,72,24.32,0,2
20482,2026-04-14 04:47:04,,Open,Low,Delivery Issue,72,,0,
20483,2026-05-01 22:29:21,,Open,Medium,Delivery Issue,72,,0,
20484,2026-04-16 10:01:52,2026-04-16 12:58:16,Resolved,Medium,Account Access,12,2.94,0,4
20485,2026-05-20 21:10:20,,In Progress,High,Technical Support,48,,0,
20486,2026-05-18 11:27:08,2026-05-18 16:26:32,Resolved,Low,Technical Support,48,4.99,0,4
20487,2026-05-29 12:30:28,2026-05-31 01:27:28,Closed,Low,Technical Support,48,36.95,0,4
20488,2026-05-11 01:16:53,2026-05-12 06:51:05,Resolved,Low,Billing,24,29.57,1,2
20489,2026-04-10 10:17:38,2026-04-13 15:24:14,Closed,Low,Technical Support,48,77.11,1,2
20490,2026-05-23 22:30:46,2026-05-25 18:20:34,Resolved,High,Delivery Issue,72,43.83,0,2
20491,2026-04-16 18:18:36,2026-04-16 21:31:48,Resolved,Low,Account Access,12,3.22,0,5
20492,2026-05-03 19:15:40,2026-05-05 05:49:16,Resolved,Low,Delivery Issue,72,34.56,0,3
20493,2026-05-16 09:27:06,2026-05-16 23:24:42,Closed,Low,Billing,24,13.96,0,4
20494,2026-05-31 02:49:55,2026-05-31 10:42:07,Resolved,Low,Account Access,12,7.87,0,5
20495,2026-05-10 04:24:17,2026-05-13 01:17:05,Resolved,Low,Technical Support,48,68.88,1,2
20496,2026-04-01 01:33:46,,Open,High,Delivery Issue,72,,0,
20497,2026-05-19 17:52:01,2026-05-21 09:00:25,Closed,High,Delivery Issue,72,39.14,0,3
20498,2026-05-28 14:58:32,2026-05-30 06:18:20,Closed,Low,Technical Support,48,39.33,0,4
20499,2026-05-07 11:29:05,2026-05-14 04:09:53,Resolved,Medium,Delivery Issue,72,160.68,1,1
20500,2026-04-08 06:22:37,,In Progress,High,Account Access,12,,0,
20501,2026-05-26 11:00:08,,Open,Medium,Delivery Issue,72,,0,
20502,2026-04-02 17:37:02,,In Progress,Low,Billing,24,,0,
20503,2026-04-30 02:25:55,2026-04-30 13:11:31,Resolved,High,Billing,24,10.76,0,4
20504,2026-04-14 22:02:00,,In Progress,Low,Technical Support,48,,0,
20505,2026-05-11 14:09:02,2026-05-11 15:48:02,Closed,High,Account Access,12,1.65,0,4
20506,2026-05-08 22:52:05,,Open,Medium,Technical Support,48,,0,
20507,2026-05-13 02:40:13,,Open,Medium,Technical Support,48,,0,
20508,2026-04-12 18:51:01,2026-04-14 05:04:49,Resolved,High,Technical Support,48,34.23,0,3
20509,2026-04-07 02:40:12,2026-04-09 20:58:12,Resolved,Low,Technical Support,48,66.3,1,1
20510,2026-05-13 21:58:44,2026-05-21 21:42:32,Resolved,Low,Delivery Issue,72,191.73,1,1
20511,2026-05-28 05:50:56,2026-05-29 03:30:32,Resolved,High,Technical Support,48,21.66,0,4
20512,2026-05-28 21:25:03,2026-05-29 01:25:03,Closed,High,Account Access,12,4.0,0,4
20513,2026-05-14 10:37:29,2026-05-17 00:45:17,Resolved,High,Delivery Issue,72,62.13,0,3
20514,2026-04-19 16:21:04,2026-04-21 10:36:04,Resolved,Medium,Technical Support,48,42.25,0,4
20515,2026-05-21 12:05:40,2026-05-22 01:41:04,Resolved,High,Technical Support,48,13.59,0,4
20516,2026-04-05 01:24:30,2026-04-06 14:17:18,Resolved,Medium,Technical Support,48,36.88,0,4
20517,2026-04-15 13:14:57,,In Progress,Low,Technical Support,48,,0,
20518,2026-05-08 02:45:51,,Open,Medium,Billing,24,,0,
20519,2026-05-07 22:07:37,,Open,Low,Delivery Issue,72,,0,
20520,2026-04-13 02:49:21,,In Progress,Low,Billing,24,,0,
20521,2026-04-26 09:37:34,2026-04-27 07:06:58,Resolved,High,Technical Support,48,21.49,0,4
20522,2026-04-19 07:30:34,2026-04-19 10:23:58,Resolved,High,Account Access,12,2.89,0,5
20523,2026-04-15 02:37:42,2026-04-15 13:26:18,Closed,Low,Billing,24,10.81,0,4
20524,2026-05-03 19:08:33,2026-05-04 17:10:57,Closed,High,Technical Support,48,22.04,0,4
20525,2026-05-24 14:16:04,,In Progress,Medium,Delivery Issue,72,,0,
20526,2026-04-09 10:50:09,2026-04-10 12:18:57,Resolved,High,Technical Support,48,25.48,0,4
20527,2026-05-13 02:10:40,,Open,High,Delivery Issue,72,,0,
20528,2026-05-04 12:42:22,2026-05-05 14:06:22,Closed,High,Technical Support,48,25.4,0,4
20529,2026-05-06 08:24:23,2026-05-06 14:09:23,Resolved,Low,Account Access,12,5.75,0,4
20530,2026-04-13 01:20:06,,Open,High,Account Access,12,,0,
20531,2026-04-05 10:55:14,2026-04-06 07:25:14,Closed,High,Technical Support,48,20.5,0,4
20532,2026-05-22 02:35:02,2026-05-25 10:35:02,Resolved,Low,Delivery Issue,72,80.0,1,1
20533,2026-05-26 04:35:47,,Open,High,Technical Support,48,,0,
20534,2026-05-31 14:32:31,,Open,Medium,Account Access,12,,0,
20535,2026-04-23 08:45:15,2026-04-23 20:14:03,Closed,Low,Billing,24,11.48,0,4
20536,2026-04-18 03:32:21,,Open,Medium,Delivery Issue,72,,0,
20537,2026-05-07 16:39:39,2026-05-08 17:07:51,Resolved,Low,Billing,24,24.47,1,2
20538,2026-05-29 12:50:40,2026-05-31 22:42:52,Resolved,Medium,Delivery Issue,72,57.87,0,3
20539,2026-04-27 21:11:39,2026-04-29 12:50:39,Resolved,Medium,Delivery Issue,72,39.65,0,3
20540,2026-04-04 00:05:26,2026-04-05 12:20:26,Closed,High,Delivery Issue,72,36.25,0,3
20541,2026-05-05 11:04:36,,Open,Medium,Technical Support,48,,0,
20542,2026-04-04 09:48:03,,In Progress,Medium,Account Access,12,,0,
20543,2026-05-08 16:23:54,2026-05-09 13:19:42,Resolved,Low,Billing,24,20.93,0,4
20544,2026-04-17 00:06:21,2026-04-19 00:41:09,Resolved,High,Delivery Issue,72,48.58,0,3
20545,2026-05-05 22:58:44,2026-05-07 17:06:32,Resolved,Medium,Technical Support,48,42.13,0,4
20546,2026-05-08 05:25:57,2026-05-08 10:21:09,Closed,High,Account Access,12,4.92,0,5
20547,2026-05-24 13:56:29,2026-05-24 17:55:17,Resolved,High,Account Access,12,3.98,0,5
20548,2026-05-30 14:05:02,2026-05-31 10:24:14,Resolved,High,Technical Support,48,20.32,0,4
20549,2026-04-21 02:53:42,,Open,Low,Delivery Issue,72,,0,
20550,2026-04-04 22:38:06,2026-04-05 03:39:18,Resolved,Low,Account Access,12,5.02,0,5
20551,2026-05-09 23:12:13,,Open,Medium,Billing,24,,0,
20552,2026-04-12 15:23:14,2026-04-12 18:28:02,Closed,High,Billing,24,3.08,0,4
20553,2026-04-22 07:42:16,2026-04-28 03:30:52,Resolved,Low,Delivery Issue,72,139.81,1,1
20554,2026-05-03 23:50:31,2026-05-05 02:50:31,Resolved,High,Technical Support,48,27.0,0,4
20555,2026-04-23 14:06:46,,Open,Low,Delivery Issue,72,,0,
20556,2026-04-09 14:23:57,,In Progress,Low,Account Access,12,,0,
20557,2026-05-28 05:46:19,2026-05-31 01:16:19,Resolved,Medium,Delivery Issue,72,67.5,0,3
20558,2026-04-17 02:11:15,,In Progress,High,Account Access,12,,0,
20559,2026-04-10 20:31:28,2026-04-13 03:39:16,Resolved,Low,Technical Support,48,55.13,1,1
20560,2026-05-17 13:36:41,,Open,Low,Technical Support,48,,0,
20561,2026-05-01 09:00:08,2026-05-03 20:13:56,Resolved,High,Delivery Issue,72,59.23,0,3
20562,2026-05-18 03:21:07,2026-05-19 17:32:31,Resolved,High,Delivery Issue,72,38.19,0,3
20563,2026-04-02 11:25:36,2026-04-03 05:15:24,Resolved,Low,Billing,24,17.83,0,4
20564,2026-04-15 23:47:37,2026-04-17 10:58:25,Resolved,Medium,Delivery Issue,72,35.18,0,2
20565,2026-05-16 08:06:14,,In Progress,Medium,Technical Support,48,,0,
20566,2026-04-01 18:27:52,2026-04-02 04:42:52,Resolved,High,Billing,24,10.25,0,5
20567,2026-04-22 13:11:31,2026-04-23 12:13:55,Resolved,Medium,Technical Support,48,23.04,0,4
20568,2026-04-28 16:06:09,2026-04-29 05:34:57,Resolved,Low,Technical Support,48,13.48,0,4
20569,2026-05-17 07:15:07,2026-05-19 10:05:31,Resolved,Medium,Delivery Issue,72,50.84,0,3
20570,2026-05-02 01:58:33,,Open,Medium,Delivery Issue,72,,0,
20571,2026-04-03 22:37:50,2026-04-04 05:30:02,Resolved,Medium,Billing,24,6.87,0,5
20572,2026-04-13 11:42:18,2026-04-15 14:44:42,Resolved,Medium,Technical Support,48,51.04,1,1
20573,2026-04-12 15:17:09,2026-04-15 04:19:33,Resolved,High,Delivery Issue,72,61.04,0,3
20574,2026-04-23 07:11:57,2026-04-23 23:49:45,Closed,Low,Billing,24,16.63,0,4
20575,2026-05-03 10:34:29,2026-05-04 00:48:17,Resolved,Medium,Technical Support,48,14.23,0,4
20576,2026-05-07 09:52:31,2026-05-07 16:21:55,Resolved,High,Billing,24,6.49,0,4
20577,2026-04-09 09:05:53,,Open,High,Account Access,12,,0,
20578,2026-05-08 16:16:32,2026-05-14 02:50:44,Resolved,Medium,Delivery Issue,72,130.57,1,1
20579,2026-04-24 14:39:38,,Open,Low,Billing,24,,0,
20580,2026-04-25 02:16:13,,In Progress,Low,Billing,24,,0,
20581,2026-05-08 17:31:23,2026-05-11 02:55:59,Resolved,Medium,Delivery Issue,72,57.41,0,3
20582,2026-04-25 22:09:48,2026-04-26 07:00:12,Resolved,Low,Account Access,12,8.84,0,5
20583,2026-05-11 17:26:19,2026-05-12 12:52:07,Resolved,Medium,Technical Support,48,19.43,0,4
20584,2026-05-11 05:36:30,,Open,High,Billing,24,,0,
20585,2026-04-15 06:08:32,2026-04-16 08:01:56,Resolved,Medium,Technical Support,48,25.89,0,4
20586,2026-05-20 06:17:19,2026-05-21 02:22:07,Resolved,High,Delivery Issue,72,20.08,0,3
20587,2026-04-27 14:28:42,2026-04-27 19:35:54,Resolved,High,Account Access,12,5.12,0,5
20588,2026-05-07 19:49:35,2026-05-09 08:34:35,Resolved,High,Technical Support,48,36.75,0,3
20589,2026-05-23 19:54:03,2026-05-25 14:30:03,Resolved,High,Technical Support,48,42.6,0,4
20590,2026-04-02 04:51:24,2026-04-04 07:05:12,Closed,Medium,Technical Support,48,50.23,1,2
20591,2026-05-02 23:46:41,2026-05-03 15:53:53,Resolved,Medium,Billing,24,16.12,0,4
20592,2026-05-14 20:58:33,,In Progress,Low,Technical Support,48,,0,
20593,2026-05-21 18:30:52,2026-05-24 17:15:52,Resolved,Low,Delivery Issue,72,70.75,0,3
20594,2026-05-20 15:41:45,2026-05-21 00:28:33,Closed,Medium,Account Access,12,8.78,0,4
20595,2026-04-18 13:28:17,,Open,Medium,Technical Support,48,,0,
20596,2026-04-03 05:51:13,,Open,Low,Delivery Issue,72,,0,
20597,2026-04-19 02:54:14,2026-04-22 09:50:02,Resolved,High,Delivery Issue,72,78.93,1,1
20598,2026-04-06 20:01:38,2026-04-07 02:26:50,Resolved,Medium,Account Access,12,6.42,0,5
20599,2026-04-17 07:11:00,,In Progress,Low,Delivery Issue,72,,0,
20600,2026-05-02 04:35:28,2026-05-02 11:06:04,Resolved,Medium,Account Access,12,6.51,0,4
20601,2026-05-15 19:41:37,2026-05-16 03:15:49,Resolved,Low,Account Access,12,7.57,0,5
20602,2026-05-20 17:41:51,2026-05-26 21:57:27,Closed,Low,Delivery Issue,72,148.26,1,1
20603,2026-04-10 07:01:52,2026-04-10 08:22:52,Resolved,Low,Account Access,12,1.35,0,5
20604,2026-04-28 17:19:13,2026-05-03 15:19:13,Resolved,Medium,Delivery Issue,72,118.0,1,1
20605,2026-04-08 04:11:46,2026-04-08 05:00:22,Resolved,High,Account Access,12,0.81,0,5
20606,2026-05-16 06:26:49,2026-05-20 04:47:13,Resolved,Low,Delivery Issue,72,94.34,1,1
20607,2026-05-15 16:47:52,2026-05-21 14:53:52,Resolved,Low,Delivery Issue,72,142.1,1,1
20608,2026-05-04 14:37:43,,In Progress,High,Billing,24,,0,
20609,2026-04-05 19:05:52,,Open,Medium,Billing,24,,0,
20610,2026-04-15 22:05:29,2026-04-17 00:16:53,Resolved,High,Technical Support,48,26.19,0,4
20611,2026-04-06 14:58:32,2026-04-06 22:18:20,Resolved,High,Billing,24,7.33,0,4
20612,2026-04-11 10:12:56,2026-04-16 23:18:56,Resolved,Low,Delivery Issue,72,133.1,1,1
20613,2026-05-02 06:11:59,,Open,High,Account Access,12,,0,
20614,2026-05-05 13:42:38,2026-05-05 18:54:02,Resolved,High,Billing,24,5.19,0,4
20615,2026-05-01 03:40:16,2026-05-01 09:20:28,Closed,High,Account Access,12,5.67,0,4
20616,2026-04-09 19:16:56,2026-04-10 13:29:32,Resolved,Medium,Technical Support,48,18.21,0,3
20617,2026-05-08 05:53:06,2026-05-08 13:18:54,Resolved,Low,Account Access,12,7.43,0,5
20618,2026-05-04 13:00:43,,In Progress,Low,Delivery Issue,72,,0,
20619,2026-05-16 04:48:19,,In Progress,High,Billing,24,,0,
20620,2026-05-06 10:15:01,2026-05-07 05:01:49,Resolved,Medium,Billing,24,18.78,0,4
20621,2026-04-30 22:42:50,,In Progress,Low,Billing,24,,0,
20622,2026-04-09 01:33:28,2026-04-09 13:48:28,Resolved,Medium,Billing,24,12.25,0,4
20623,2026-05-28 13:54:40,2026-05-28 19:12:04,Resolved,Medium,Account Access,12,5.29,0,5
20624,2026-04-06 04:47:48,2026-04-08 18:31:00,Closed,High,Delivery Issue,72,61.72,0,2
20625,2026-05-23 05:10:25,2026-05-24 03:06:13,Resolved,Low,Billing,24,21.93,0,4
20626,2026-05-01 06:09:00,2026-05-01 19:25:12,Resolved,Low,Account Access,12,13.27,1,3
20627,2026-05-14 10:59:01,2026-05-15 10:54:49,Resolved,High,Technical Support,48,23.93,0,4
20628,2026-04-25 20:11:23,2026-04-28 03:23:59,Resolved,Low,Technical Support,48,55.21,1,1
20629,2026-04-20 05:48:46,2026-04-20 11:09:10,Resolved,High,Billing,24,5.34,0,4
20630,2026-05-15 03:35:37,2026-05-16 06:34:25,Resolved,High,Technical Support,48,26.98,0,4
20631,2026-05-25 01:42:54,,Open,Medium,Account Access,12,,0,
20632,2026-05-18 10:45:44,2026-05-18 14:54:08,Resolved,High,Account Access,12,4.14,0,5
20633,2026-05-03 01:54:27,2026-05-10 07:25:39,Resolved,Low,Delivery Issue,72,173.52,1,1
20634,2026-05-25 15:36:16,2026-05-28 21:49:28,Resolved,Medium,Delivery Issue,72,78.22,1,1
20635,2026-05-22 21:05:29,2026-05-23 07:58:53,Resolved,Medium,Billing,24,10.89,0,5
20636,2026-04-23 16:30:28,2026-04-25 03:52:40,Resolved,Medium,Technical Support,48,35.37,0,4
20637,2026-05-01 18:18:10,2026-05-09 16:06:46,Resolved,Low,Delivery Issue,72,189.81,1,1
20638,2026-05-05 10:29:55,2026-05-08 12:00:31,Resolved,Low,Technical Support,48,73.51,1,2
20639,2026-05-21 06:12:00,2026-05-22 04:24:36,Resolved,Low,Billing,24,22.21,0,4
20640,2026-05-11 20:37:49,2026-05-12 11:15:01,Closed,High,Technical Support,48,14.62,0,4
20641,2026-05-29 21:58:36,2026-05-30 03:20:12,Resolved,High,Account Access,12,5.36,0,5
20642,2026-05-05 00:22:26,,Open,High,Technical Support,48,,0,
20643,2026-04-13 15:36:56,,In Progress,Medium,Technical Support,48,,0,
20644,2026-04-29 23:05:57,2026-04-30 03:04:45,Resolved,Medium,Account Access,12,3.98,0,5
20645,2026-05-21 03:15:38,2026-05-22 16:58:14,Resolved,High,Delivery Issue,72,37.71,0,3
20646,2026-05-06 13:24:45,2026-05-06 18:12:09,Resolved,High,Account Access,12,4.79,0,5
20647,2026-05-12 01:59:29,2026-05-14 19:28:17,Resolved,Low,Delivery Issue,72,65.48,0,3
20648,2026-04-21 01:11:31,,In Progress,Medium,Delivery Issue,72,,0,
20649,2026-05-04 08:45:22,2026-05-04 17:15:22,Resolved,High,Billing,24,8.5,0,4
20650,2026-04-08 16:49:14,2026-04-08 23:27:38,Resolved,High,Account Access,12,6.64,0,5
20651,2026-05-21 02:38:10,,Open,Medium,Billing,24,,0,
20652,2026-05-04 19:42:05,2026-05-06 05:08:29,Resolved,High,Delivery Issue,72,33.44,0,3
20653,2026-04-20 02:03:48,,In Progress,High,Technical Support,48,,0,
20654,2026-04-10 09:56:58,2026-04-10 13:08:58,Resolved,High,Account Access,12,3.2,0,4
20655,2026-05-31 12:13:39,2026-06-02 12:19:39,Resolved,Medium,Technical Support,48,48.1,1,2
20656,2026-05-14 16:51:03,,In Progress,Medium,Billing,24,,0,
20657,2026-05-29 07:19:38,2026-05-29 14:07:02,Closed,Medium,Account Access,12,6.79,0,5
20658,2026-04-20 17:32:54,,In Progress,High,Account Access,12,,0,
20659,2026-05-04 14:58:22,2026-05-06 12:27:10,Resolved,Low,Technical Support,48,45.48,0,4
20660,2026-04-24 04:01:49,2026-04-24 08:39:37,Resolved,Low,Account Access,12,4.63,0,5
20661,2026-05-26 19:32:41,2026-05-26 23:47:05,Resolved,High,Account Access,12,4.24,0,4
20662,2026-04-25 15:15:20,2026-04-25 17:38:44,Resolved,High,Account Access,12,2.39,0,4
20663,2026-04-09 20:11:21,,Open,Medium,Account Access,12,,0,
20664,2026-05-14 02:55:25,2026-05-14 10:23:37,Resolved,High,Billing,24,7.47,0,4
20665,2026-04-23 12:07:39,2026-04-23 21:13:39,Resolved,High,Billing,24,9.1,0,4
20666,2026-05-07 14:37:47,,In Progress,Low,Billing,24,,0,
20667,2026-04-18 08:17:05,,Open,High,Delivery Issue,72,,0,
20668,2026-04-01 03:54:09,2026-04-01 09:58:57,Closed,Medium,Account Access,12,6.08,0,5
20669,2026-05-17 00:49:16,2026-05-19 21:31:16,Resolved,Medium,Technical Support,48,68.7,1,2
20670,2026-04-16 03:05:22,2026-04-16 04:53:58,Resolved,High,Account Access,12,1.81,0,5
20671,2026-04-02 08:21:26,2026-04-02 16:46:38,Resolved,Low,Account Access,12,8.42,0,4
20672,2026-04-19 18:46:28,,In Progress,High,Account Access,12,,0,
20673,2026-04-05 10:17:05,2026-04-05 12:38:05,Closed,High,Account Access,12,2.35,0,5
20674,2026-05-15 03:06:16,,Open,Low,Technical Support,48,,0,
20675,2026-05-15 08:06:15,,Open,High,Billing,24,,0,
20676,2026-05-24 11:58:54,2026-05-30 02:01:18,Closed,Low,Delivery Issue,72,134.04,1,1
20677,2026-05-19 21:36:42,2026-05-20 11:09:06,Resolved,Low,Billing,24,13.54,0,5
20678,2026-05-26 09:27:58,,In Progress,High,Billing,24,,0,
20679,2026-05-15 06:00:25,2026-05-15 12:11:49,Resolved,Medium,Billing,24,6.19,0,5
20680,2026-05-22 20:32:33,2026-05-22 23:48:45,Closed,High,Account Access,12,3.27,0,4
20681,2026-05-04 20:18:28,,Open,High,Technical Support,48,,0,
20682,2026-05-31 23:35:01,2026-06-01 08:50:01,Resolved,Low,Account Access,12,9.25,0,4
20683,2026-04-02 16:42:30,2026-04-04 06:08:54,Resolved,Medium,Delivery Issue,72,37.44,0,3
20684,2026-04-23 00:23:41,2026-04-23 08:12:17,Resolved,High,Billing,24,7.81,0,4
20685,2026-04-23 10:43:58,2026-04-27 16:48:10,Resolved,Medium,Delivery Issue,72,102.07,1,1
20686,2026-05-03 07:55:31,2026-05-05 01:38:43,Closed,Medium,Technical Support,48,41.72,0,4
20687,2026-05-24 10:30:53,,In Progress,Low,Technical Support,48,,0,
20688,2026-05-20 03:07:56,,Open,High,Account Access,12,,0,
20689,2026-05-06 07:06:58,2026-05-06 18:55:34,Resolved,High,Technical Support,48,11.81,0,4
20690,2026-05-10 18:40:32,2026-05-11 09:09:56,Resolved,Low,Billing,24,14.49,0,4
20691,2026-05-03 02:25:22,2026-05-08 00:52:22,Closed,Low,Delivery Issue,72,118.45,1,1
20692,2026-05-15 16:36:09,2026-05-18 21:44:33,Resolved,Low,Technical Support,48,77.14,1,1
20693,2026-04-08 14:37:33,2026-04-08 20:44:45,Resolved,Low,Account Access,12,6.12,0,4
20694,2026-05-19 16:18:16,,Open,High,Account Access,12,,0,
20695,2026-05-19 05:01:19,2026-05-24 02:48:07,Closed,Low,Delivery Issue,72,117.78,1,1
20696,2026-04-04 12:01:46,,Open,High,Account Access,12,,0,
20697,2026-05-07 09:27:21,2026-05-12 14:20:45,Resolved,Low,Delivery Issue,72,124.89,1,1
20698,2026-04-02 01:09:11,2026-04-02 09:27:47,Resolved,Medium,Billing,24,8.31,0,4
20699,2026-04-19 02:49:39,2026-04-19 08:01:39,Closed,High,Account Access,12,5.2,0,5
20700,2026-05-01 08:55:27,2026-05-02 08:41:39,Closed,Low,Billing,24,23.77,0,4
20701,2026-05-13 07:41:59,2026-05-13 12:54:35,Closed,Medium,Account Access,12,5.21,0,5
20702,2026-04-06 19:48:21,2026-04-07 00:37:33,Closed,High,Billing,24,4.82,0,4
20703,2026-04-29 22:12:49,,In Progress,High,Delivery Issue,72,,0,
20704,2026-04-24 07:10:42,2026-04-24 16:11:54,Resolved,High,Billing,24,9.02,0,4
20705,2026-04-21 10:12:22,2026-04-25 03:55:34,Closed,Low,Technical Support,48,89.72,1,1
20706,2026-04-06 11:56:45,2026-04-06 18:06:57,Resolved,Medium,Account Access,12,6.17,0,4
20707,2026-04-14 19:58:43,2026-04-15 07:19:07,Resolved,Low,Account Access,12,11.34,0,5
20708,2026-04-06 08:57:07,2026-04-07 10:37:55,Resolved,High,Technical Support,48,25.68,0,3
20709,2026-05-07 18:53:25,2026-05-07 20:16:49,Resolved,High,Account Access,12,1.39,0,4
20710,2026-05-10 22:58:12,2026-05-11 01:22:12,Resolved,High,Account Access,12,2.4,0,5
20711,2026-04-18 22:18:53,2026-04-19 05:27:53,Closed,Medium,Account Access,12,7.15,0,5
20712,2026-04-16 06:45:15,2026-04-18 21:59:03,Resolved,High,Delivery Issue,72,63.23,0,3
20713,2026-04-26 09:33:04,,Open,High,Delivery Issue,72,,0,
20714,2026-04-24 20:29:53,2026-04-25 12:40:05,Resolved,Medium,Billing,24,16.17,0,4
20715,2026-04-20 08:24:10,2026-04-20 12:10:58,Closed,Medium,Account Access,12,3.78,0,4
20716,2026-04-05 16:48:30,2026-04-06 00:58:42,Closed,High,Billing,24,8.17,0,4
20717,2026-05-23 13:46:18,2026-05-24 04:05:30,Resolved,Low,Billing,24,14.32,0,4
20718,2026-04-12 15:02:54,2026-04-12 19:49:42,Closed,Medium,Account Access,12,4.78,0,5
20719,2026-05-25 01:20:44,,In Progress,Low,Technical Support,48,,0,
20720,2026-05-14 09:20:51,2026-05-16 14:41:51,Resolved,Medium,Technical Support,48,53.35,1,2
20721,2026-04-30 12:19:34,2026-04-30 15:06:22,Resolved,High,Account Access,12,2.78,0,4
20722,2026-04-10 08:24:24,,In Progress,Medium,Technical Support,48,,0,
20723,2026-04-17 15:14:54,2026-04-18 07:15:30,Closed,Low,Billing,24,16.01,0,4
20724,2026-05-23 04:25:32,,In Progress,Low,Delivery Issue,72,,0,
20725,2026-05-16 19:58:33,,Open,Low,Delivery Issue,72,,0,
20726,2026-04-18 06:12:53,,Open,High,Account Access,12,,0,
20727,2026-05-07 05:20:12,2026-05-08 22:33:24,Resolved,Medium,Technical Support,48,41.22,0,4
20728,2026-05-13 17:11:44,2026-05-16 03:44:44,Closed,Low,Technical Support,48,58.55,1,2
20729,2026-05-25 10:02:23,,Open,High,Account Access,12,,0,
20730,2026-05-12 04:57:23,,Open,High,Billing,24,,0,
20731,2026-05-16 21:01:03,,Open,Low,Billing,24,,0,
20732,2026-05-01 20:44:59,2026-05-02 01:59:23,Resolved,Medium,Account Access,12,5.24,0,4
20733,2026-05-04 18:21:01,2026-05-07 05:45:01,Resolved,Low,Technical Support,48,59.4,1,2
20734,2026-04-15 22:33:07,2026-04-19 06:14:31,Resolved,Medium,Technical Support,48,79.69,1,2
20735,2026-05-18 23:12:14,2026-05-20 12:09:14,Resolved,Low,Technical Support,48,36.95,0,4
20736,2026-05-04 09:35:30,2026-05-04 15:12:42,Resolved,High,Billing,24,5.62,0,4
20737,2026-05-21 09:28:42,,In Progress,Low,Account Access,12,,0,
20738,2026-04-07 11:53:15,,Open,High,Technical Support,48,,0,
20739,2026-05-16 12:11:20,2026-05-17 02:23:20,Resolved,High,Technical Support,48,14.2,0,4
20740,2026-04-15 20:33:29,2026-04-19 16:38:53,Resolved,Low,Delivery Issue,72,92.09,1,1
20741,2026-05-26 00:37:58,2026-05-26 17:39:46,Resolved,High,Technical Support,48,17.03,0,3
20742,2026-04-26 16:05:19,2026-04-27 05:04:07,Resolved,Medium,Billing,24,12.98,0,4
20743,2026-04-25 04:30:30,2026-04-25 06:29:54,Resolved,High,Account Access,12,1.99,0,4
20744,2026-04-22 05:36:33,2026-04-22 14:19:09,Resolved,Medium,Account Access,12,8.71,0,4
20745,2026-04-26 01:27:13,2026-04-26 08:30:13,Resolved,Medium,Account Access,12,7.05,0,5
20746,2026-05-17 06:25:20,2026-05-21 21:21:44,Resolved,Medium,Delivery Issue,72,110.94,1,1
20747,2026-04-10 18:16:48,,In Progress,Low,Technical Support,48,,0,
20748,2026-05-12 04:31:20,2026-05-12 09:55:20,Resolved,High,Account Access,12,5.4,0,4
20749,2026-04-07 18:26:53,,Open,Medium,Billing,24,,0,
20750,2026-05-10 22:05:45,,Open,High,Account Access,12,,0,
20751,2026-05-10 14:51:31,2026-05-16 21:56:55,Resolved,Low,Delivery Issue,72,151.09,1,1
20752,2026-04-16 00:45:45,2026-04-16 06:15:09,Resolved,Medium,Account Access,12,5.49,0,4
20753,2026-04-13 06:38:52,,In Progress,Low,Technical Support,48,,0,
20754,2026-04-02 14:39:37,2026-04-03 00:21:37,Resolved,High,Billing,24,9.7,0,4
20755,2026-05-30 06:05:48,,Open,Medium,Billing,24,,0,
20756,2026-04-10 22:41:53,2026-04-11 08:49:05,Resolved,Medium,Billing,24,10.12,0,4
20757,2026-05-01 19:48:15,2026-05-02 19:23:03,Resolved,Low,Billing,24,23.58,0,4
20758,2026-04-18 12:07:32,2026-04-19 23:44:08,Resolved,High,Delivery Issue,72,35.61,0,3
20759,2026-04-09 06:11:16,,In Progress,Low,Technical Support,48,,0,
20760,2026-05-14 10:46:46,,Open,Medium,Technical Support,48,,0,
20761,2026-04-10 07:09:20,2026-04-11 15:00:20,Resolved,High,Delivery Issue,72,31.85,0,2
20762,2026-05-24 05:35:18,2026-05-29 07:34:06,Resolved,Low,Delivery Issue,72,121.98,1,1
20763,2026-04-02 23:22:17,2026-04-05 14:10:53,Closed,Medium,Technical Support,48,62.81,1,2
20764,2026-04-01 06:22:52,2026-04-01 23:22:52,Resolved,Medium,Billing,24,17.0,0,5
20765,2026-05-25 23:40:34,,In Progress,Medium,Technical Support,48,,0,
20766,2026-04-21 17:51:00,,Open,Medium,Account Access,12,,0,
20767,2026-04-16 03:00:27,2026-04-18 22:54:27,Resolved,High,Delivery Issue,72,67.9,0,3
20768,2026-04-01 12:03:17,2026-04-03 01:51:17,Resolved,Medium,Delivery Issue,72,37.8,0,3
20769,2026-04-08 00:13:31,2026-04-09 10:09:55,Resolved,Medium,Technical Support,48,33.94,0,4
20770,2026-05-17 23:28:12,2026-05-21 12:00:00,Resolved,Medium,Delivery Issue,72,84.53,1,1
20771,2026-04-29 14:24:35,2026-04-29 20:32:59,Resolved,Medium,Account Access,12,6.14,0,4
20772,2026-04-22 09:31:08,2026-04-25 08:25:44,Resolved,Low,Technical Support,48,70.91,1,2
20773,2026-05-16 20:06:57,2026-05-17 02:58:33,Resolved,High,Account Access,12,6.86,0,4
20774,2026-05-03 08:57:02,2026-05-04 05:18:38,Resolved,Low,Billing,24,20.36,0,4
20775,2026-04-10 17:23:24,2026-04-10 22:54:00,Resolved,Low,Account Access,12,5.51,0,4
20776,2026-04-03 20:55:32,2026-04-04 11:01:32,Resolved,Low,Account Access,12,14.1,1,3
20777,2026-04-17 14:31:11,2026-04-18 07:04:47,Resolved,Low,Billing,24,16.56,0,4
20778,2026-04-08 13:21:48,2026-04-08 20:56:36,Resolved,Low,Account Access,12,7.58,0,5
20779,2026-05-07 00:57:58,,Open,Medium,Account Access,12,,0,
20780,2026-05-24 21:46:42,2026-05-25 07:56:18,Resolved,High,Billing,24,10.16,0,4
20781,2026-05-12 11:10:52,2026-05-15 10:31:52,Resolved,Low,Technical Support,48,71.35,1,2
20782,2026-05-26 15:27:35,2026-05-26 16:59:23,Resolved,High,Account Access,12,1.53,0,5
20783,2026-05-03 04:33:54,2026-05-03 10:22:30,Resolved,Low,Account Access,12,5.81,0,5
20784,2026-04-29 18:48:33,2026-05-03 01:40:45,Resolved,High,Delivery Issue,72,78.87,1,1
20785,2026-05-03 08:07:05,2026-05-05 16:28:05,Resolved,Medium,Delivery Issue,72,56.35,0,3
20786,2026-05-29 22:29:03,2026-05-30 00:53:03,Resolved,Low,Account Access,12,2.4,0,4
20787,2026-05-13 23:31:24,2026-05-16 06:14:00,Resolved,Medium,Technical Support,48,54.71,1,2
20788,2026-04-12 17:56:59,2026-04-13 01:09:35,Resolved,Medium,Account Access,12,7.21,0,5
20789,2026-04-10 02:22:03,,In Progress,High,Delivery Issue,72,,0,
20790,2026-04-22 20:03:33,2026-04-25 15:51:33,Resolved,Low,Technical Support,48,67.8,1,2
20791,2026-05-25 09:05:42,2026-05-25 15:04:30,Resolved,High,Billing,24,5.98,0,5
20792,2026-04-01 17:31:33,2026-04-02 04:17:09,Resolved,High,Billing,24,10.76,0,4
20793,2026-04-18 12:31:11,,In Progress,High,Delivery Issue,72,,0,
20794,2026-04-23 13:46:53,2026-04-25 21:16:17,Resolved,Low,Delivery Issue,72,55.49,0,3
20795,2026-04-03 09:50:57,2026-04-03 14:14:21,Resolved,High,Account Access,12,4.39,0,5
20796,2026-04-18 11:12:49,2026-04-19 02:49:25,Resolved,High,Technical Support,48,15.61,0,4
20797,2026-04-25 07:02:55,2026-04-25 22:40:43,Closed,High,Technical Support,48,15.63,0,4
20798,2026-05-16 13:58:43,2026-05-18 13:20:55,Resolved,High,Delivery Issue,72,47.37,0,3
20799,2026-05-25 03:09:43,,In Progress,High,Billing,24,,0,
20800,2026-04-17 10:23:13,2026-04-19 08:15:25,Resolved,Low,Delivery Issue,72,45.87,0,2
20801,2026-05-12 12:36:48,2026-05-12 18:28:24,Closed,Medium,Account Access,12,5.86,0,4
20802,2026-05-10 09:35:31,2026-05-13 04:19:55,Resolved,High,Delivery Issue,72,66.74,0,2
20803,2026-04-16 04:31:16,,In Progress,Low,Account Access,12,,0,
20804,2026-05-16 02:15:15,2026-05-16 18:45:51,Resolved,Low,Billing,24,16.51,0,4
20805,2026-04-06 02:30:12,2026-04-10 15:17:00,Resolved,Low,Delivery Issue,72,108.78,1,1
20806,2026-04-29 10:27:06,,Open,Medium,Delivery Issue,72,,0,
20807,2026-05-07 21:36:15,2026-05-08 07:29:39,Resolved,High,Billing,24,9.89,0,4
20808,2026-04-29 15:13:58,2026-05-06 19:54:46,Resolved,Low,Delivery Issue,72,172.68,1,1
20809,2026-04-21 13:20:57,2026-04-27 01:43:09,Resolved,Low,Delivery Issue,72,132.37,1,1
20810,2026-05-03 05:50:35,2026-05-03 13:52:59,Resolved,Medium,Account Access,12,8.04,0,5
20811,2026-05-16 01:18:47,2026-05-17 12:44:35,Closed,Medium,Technical Support,48,35.43,0,3
20812,2026-04-16 21:07:08,2026-04-21 22:52:08,Resolved,Medium,Delivery Issue,72,121.75,1,1
20813,2026-04-05 11:58:51,2026-04-05 17:03:39,Resolved,Medium,Account Access,12,5.08,0,4
20814,2026-05-19 07:44:33,2026-05-20 20:06:45,Resolved,Medium,Technical Support,48,36.37,0,4
20815,2026-05-13 09:59:24,2026-05-16 01:33:00,Resolved,High,Delivery Issue,72,63.56,0,3
20816,2026-05-01 15:47:28,,Open,Low,Technical Support,48,,0,
20817,2026-05-02 02:00:22,2026-05-02 14:40:34,Resolved,High,Technical Support,48,12.67,0,4
20818,2026-04-04 18:47:24,2026-04-05 08:58:12,Resolved,Medium,Billing,24,14.18,0,4
20819,2026-05-16 12:27:03,,In Progress,Low,Technical Support,48,,0,
20820,2026-05-01 01:06:47,2026-05-03 23:05:35,Resolved,Low,Delivery Issue,72,69.98,0,3
20821,2026-04-03 10:34:00,,In Progress,High,Billing,24,,0,
20822,2026-04-10 06:26:43,2026-04-11 07:38:07,Resolved,High,Technical Support,48,25.19,0,4
20823,2026-05-19 20:15:16,2026-05-21 13:40:28,Resolved,Low,Delivery Issue,72,41.42,0,3
20824,2026-05-23 14:14:47,,Open,Low,Technical Support,48,,0,
20825,2026-04-20 23:47:26,,In Progress,Low,Delivery Issue,72,,0,
20826,2026-05-11 03:33:12,,Open,Medium,Technical Support,48,,0,
20827,2026-04-27 07:56:42,2026-04-28 17:29:06,Resolved,High,Delivery Issue,72,33.54,0,3
20828,2026-04-06 11:13:27,2026-04-10 06:51:51,Resolved,High,Delivery Issue,72,91.64,1,1
20829,2026-04-28 02:30:58,2026-04-30 11:44:46,Closed,Low,Delivery Issue,72,57.23,0,3
20830,2026-04-26 04:14:10,2026-04-28 00:44:46,Resolved,Medium,Technical Support,48,44.51,0,4
20831,2026-04-30 15:42:06,,Open,Low,Delivery Issue,72,,0,
20832,2026-05-31 18:10:38,2026-06-01 02:28:38,Resolved,Medium,Billing,24,8.3,0,4
20833,2026-04-07 12:28:59,2026-04-07 23:31:59,Closed,Low,Billing,24,11.05,0,5
20834,2026-04-16 06:18:00,2026-04-16 14:45:36,Resolved,High,Billing,24,8.46,0,4
20835,2026-05-26 01:01:21,2026-05-26 07:15:45,Resolved,Medium,Account Access,12,6.24,0,4
20836,2026-04-06 18:40:58,2026-04-10 06:06:10,Resolved,Low,Delivery Issue,72,83.42,1,1
20837,2026-04-18 18:20:21,2026-04-19 04:31:09,Resolved,High,Billing,24,10.18,0,5
20838,2026-05-24 15:43:20,2026-05-25 19:09:08,Resolved,Low,Billing,24,27.43,1,2
20839,2026-05-12 18:31:27,2026-05-12 22:07:27,Resolved,High,Account Access,12,3.6,0,5
20840,2026-04-13 09:32:36,2026-04-17 02:58:24,Resolved,Medium,Delivery Issue,72,89.43,1,1
20841,2026-05-11 17:39:26,,In Progress,High,Technical Support,48,,0,
20842,2026-04-08 13:07:02,2026-04-08 18:01:02,Resolved,Medium,Technical Support,48,4.9,0,4
20843,2026-04-20 20:53:23,,Open,Medium,Account Access,12,,0,
20844,2026-04-15 04:35:32,2026-04-16 15:22:20,Resolved,Medium,Technical Support,48,34.78,0,4
20845,2026-04-12 13:02:30,2026-04-13 09:56:30,Resolved,Low,Billing,24,20.9,0,4
20846,2026-05-29 20:49:58,2026-05-30 01:16:58,Resolved,High,Account Access,12,4.45,0,5
20847,2026-04-18 16:57:18,2026-04-19 03:06:54,Resolved,Medium,Billing,24,10.16,0,4
20848,2026-04-20 04:35:33,2026-04-22 17:54:09,Resolved,High,Delivery Issue,72,61.31,0,3
20849,2026-04-07 04:36:25,,In Progress,High,Technical Support,48,,0,
20850,2026-05-30 18:59:43,2026-05-31 02:05:07,Closed,Medium,Billing,24,7.09,0,4
20851,2026-04-15 21:46:35,2026-04-16 13:50:11,Resolved,High,Technical Support,48,16.06,0,3
20852,2026-05-14 09:44:54,2026-05-15 07:22:42,Resolved,Medium,Technical Support,48,21.63,0,4
20853,2026-05-02 12:45:25,2026-05-02 21:59:13,Resolved,Medium,Account Access,12,9.23,0,5
20854,2026-04-11 06:28:14,,Open,High,Delivery Issue,72,,0,
20855,2026-04-03 05:44:11,2026-04-09 10:56:11,Closed,Low,Delivery Issue,72,149.2,1,1
20856,2026-05-28 19:14:22,2026-05-29 00:37:10,Resolved,High,Account Access,12,5.38,0,5
20857,2026-04-11 07:46:17,2026-04-12 06:58:17,Resolved,High,Delivery Issue,72,23.2,0,3
20858,2026-04-21 03:13:53,2026-04-22 08:15:41,Resolved,High,Delivery Issue,72,29.03,0,3
20859,2026-05-30 04:56:30,,Open,Medium,Billing,24,,0,
20860,2026-04-17 15:04:22,,In Progress,Medium,Delivery Issue,72,,0,
20861,2026-05-23 09:52:27,2026-05-26 18:02:03,Resolved,Low,Delivery Issue,72,80.16,1,1
20862,2026-04-02 09:22:54,,In Progress,High,Delivery Issue,72,,0,
20863,2026-04-30 21:18:42,2026-05-01 08:07:54,Resolved,Medium,Account Access,12,10.82,0,4
20864,2026-05-18 22:09:14,2026-05-19 20:20:38,Closed,Medium,Technical Support,48,22.19,0,4
20865,2026-04-26 13:44:13,2026-04-27 11:22:37,Resolved,Medium,Billing,24,21.64,0,4
20866,2026-05-09 19:32:56,,In Progress,Low,Delivery Issue,72,,0,
20867,2026-04-29 00:32:50,2026-04-29 12:59:50,Resolved,High,Technical Support,48,12.45,0,3
20868,2026-05-18 12:04:55,2026-05-18 19:42:43,Resolved,High,Billing,24,7.63,0,4
20869,2026-05-18 07:21:52,,Open,Low,Delivery Issue,72,,0,
20870,2026-05-31 23:50:16,,Open,High,Technical Support,48,,0,
20871,2026-04-05 00:41:37,,Open,High,Technical Support,48,,0,
20872,2026-04-08 08:23:21,,Open,Medium,Technical Support,48,,0,
20873,2026-05-07 11:38:49,2026-05-07 20:05:13,Resolved,Low,Billing,24,8.44,0,4
20874,2026-04-03 06:06:10,2026-04-03 23:06:46,Resolved,Medium,Billing,24,17.01,0,4
20875,2026-04-09 11:03:31,,In Progress,Low,Technical Support,48,,0,
20876,2026-04-01 23:37:55,,In Progress,High,Technical Support,48,,0,
20877,2026-05-27 06:25:32,2026-05-29 07:48:56,Resolved,Low,Technical Support,48,49.39,1,2
20878,2026-04-15 15:54:36,2026-04-15 18:23:24,Resolved,Low,Account Access,12,2.48,0,4
20879,2026-04-16 08:54:58,2026-04-19 09:12:22,Resolved,Low,Technical Support,48,72.29,1,2
20880,2026-05-22 03:11:39,2026-05-22 09:27:51,Resolved,Low,Account Access,12,6.27,0,4
20881,2026-04-03 05:09:11,2026-04-03 08:15:47,Resolved,High,Account Access,12,3.11,0,5
20882,2026-04-20 23:12:02,2026-04-21 04:57:02,Closed,Medium,Account Access,12,5.75,0,4
20883,2026-05-11 09:39:38,2026-05-11 18:10:14,Resolved,Low,Account Access,12,8.51,0,5
20884,2026-05-19 21:21:16,,Open,High,Technical Support,48,,0,
20885,2026-04-09 04:29:04,2026-04-09 12:59:40,Resolved,High,Billing,24,8.51,0,4
20886,2026-04-21 04:47:10,2026-04-22 07:53:10,Resolved,Medium,Technical Support,48,27.1,0,4
20887,2026-04-28 02:57:05,2026-04-30 09:42:05,Closed,Medium,Technical Support,48,54.75,1,2
20888,2026-05-09 07:21:13,2026-05-09 11:38:01,Resolved,Medium,Account Access,12,4.28,0,4
20889,2026-04-17 15:49:49,,Open,High,Billing,24,,0,
20890,2026-04-23 11:46:25,2026-04-24 06:32:37,Resolved,Medium,Billing,24,18.77,0,4
20891,2026-04-13 14:44:43,,Open,Medium,Delivery Issue,72,,0,
20892,2026-05-31 01:45:04,,Open,High,Billing,24,,0,
20893,2026-05-30 06:16:25,2026-05-30 12:52:25,Closed,Medium,Billing,24,6.6,0,4
20894,2026-05-22 19:46:18,2026-05-23 04:44:30,Resolved,High,Billing,24,8.97,0,4
20895,2026-05-02 00:38:16,2026-05-02 19:46:04,Resolved,Low,Billing,24,19.13,0,4
20896,2026-04-02 04:01:28,2026-04-08 03:41:40,Resolved,Low,Delivery Issue,72,143.67,1,1
20897,2026-05-17 00:31:19,2026-05-17 08:48:43,Resolved,High,Billing,24,8.29,0,4
20898,2026-04-03 07:23:48,2026-04-04 10:46:00,Resolved,Low,Billing,24,27.37,1,2
20899,2026-04-08 12:50:02,2026-04-09 00:07:26,Resolved,High,Technical Support,48,11.29,0,3
20900,2026-04-21 15:39:30,2026-04-21 19:08:54,Closed,Medium,Technical Support,48,3.49,0,3
20901,2026-05-27 15:41:05,,Open,High,Account Access,12,,0,
20902,2026-05-20 17:38:55,2026-05-21 03:08:55,Resolved,Medium,Account Access,12,9.5,0,4
20903,2026-05-04 13:56:11,2026-05-07 23:00:23,Resolved,Medium,Delivery Issue,72,81.07,1,1
20904,2026-04-30 18:14:45,2026-05-05 11:45:21,Resolved,Medium,Delivery Issue,72,113.51,1,1
20905,2026-05-15 12:33:36,,In Progress,Low,Billing,24,,0,
20906,2026-04-30 05:09:14,2026-05-03 23:44:02,Closed,Low,Technical Support,48,90.58,1,2
20907,2026-05-16 06:20:59,2026-05-19 05:32:23,Closed,High,Delivery Issue,72,71.19,0,2
20908,2026-04-22 12:36:57,2026-05-01 07:18:21,Resolved,Low,Delivery Issue,72,210.69,1,1
20909,2026-04-02 01:21:45,2026-04-02 09:55:21,Closed,High,Billing,24,8.56,0,4
20910,2026-05-04 15:44:58,2026-05-05 04:28:10,Resolved,Medium,Billing,24,12.72,0,4
20911,2026-05-19 16:10:26,2026-05-20 00:17:02,Resolved,Low,Account Access,12,8.11,0,5
20912,2026-05-05 23:56:14,2026-05-06 09:22:02,Resolved,High,Technical Support,48,9.43,0,4
20913,2026-04-15 15:25:43,2026-04-16 19:45:31,Resolved,Low,Technical Support,48,28.33,0,3
20914,2026-05-03 02:58:49,,Open,Medium,Technical Support,48,,0,
20915,2026-05-06 23:03:09,2026-05-07 03:21:09,Closed,High,Account Access,12,4.3,0,4
20916,2026-05-30 06:23:23,2026-05-30 23:54:35,Resolved,Low,Billing,24,17.52,0,4
20917,2026-05-23 20:13:21,,Open,Low,Delivery Issue,72,,0,
20918,2026-05-26 10:38:40,2026-05-27 04:52:28,Resolved,Low,Billing,24,18.23,0,4
20919,2026-04-01 12:45:44,2026-04-03 18:44:32,Resolved,Medium,Technical Support,48,53.98,1,2
20920,2026-05-23 23:48:55,,Open,High,Delivery Issue,72,,0,
20921,2026-04-25 06:43:59,2026-04-25 10:18:11,Resolved,Medium,Account Access,12,3.57,0,4
20922,2026-05-20 07:25:22,2026-05-21 09:26:34,Closed,High,Technical Support,48,26.02,0,4
20923,2026-05-28 09:44:30,2026-06-02 23:49:54,Resolved,Medium,Delivery Issue,72,134.09,1,1
20924,2026-05-06 07:14:59,2026-05-06 14:34:47,Resolved,Medium,Billing,24,7.33,0,4
20925,2026-05-08 14:06:13,,Open,Medium,Delivery Issue,72,,0,
20926,2026-04-25 16:14:17,2026-04-26 01:27:29,Closed,Medium,Billing,24,9.22,0,4
20927,2026-04-13 09:11:51,2026-04-14 02:21:27,Resolved,Low,Billing,24,17.16,0,4
20928,2026-04-17 01:43:13,2026-04-17 04:24:37,Closed,High,Account Access,12,2.69,0,5
20929,2026-04-27 12:14:12,,In Progress,Medium,Billing,24,,0,
20930,2026-05-19 14:38:09,,Open,High,Delivery Issue,72,,0,
20931,2026-05-19 20:27:10,2026-05-23 18:15:10,Resolved,Medium,Delivery Issue,72,93.8,1,1
20932,2026-04-05 21:58:07,2026-04-06 10:40:07,Resolved,Low,Account Access,12,12.7,1,2
20933,2026-05-24 04:52:58,2026-05-25 14:13:58,Resolved,High,Technical Support,48,33.35,0,4
20934,2026-04-13 05:12:32,,Open,Medium,Technical Support,48,,0,
20935,2026-04-11 00:49:32,2026-04-11 04:33:20,Resolved,High,Account Access,12,3.73,0,5
20936,2026-05-13 21:34:55,2026-05-16 02:04:19,Closed,High,Delivery Issue,72,52.49,0,3
20937,2026-05-08 15:27:24,2026-05-13 22:50:12,Closed,Medium,Delivery Issue,72,127.38,1,1
20938,2026-05-02 02:55:59,2026-05-02 06:13:59,Resolved,High,Account Access,12,3.3,0,5
20939,2026-05-09 16:11:27,2026-05-11 18:10:51,Resolved,Low,Technical Support,48,49.99,1,2
20940,2026-04-11 12:22:55,2026-04-11 20:57:07,Resolved,Medium,Billing,24,8.57,0,4
20941,2026-04-02 13:22:33,2026-04-02 18:26:45,Resolved,Medium,Account Access,12,5.07,0,5
20942,2026-04-27 14:05:10,2026-04-28 23:34:34,Resolved,Low,Technical Support,48,33.49,0,4
20943,2026-04-26 07:09:44,2026-04-26 09:39:08,Resolved,High,Billing,24,2.49,0,4
20944,2026-04-18 22:15:04,2026-04-19 19:28:52,Resolved,High,Technical Support,48,21.23,0,4
20945,2026-05-20 22:18:38,2026-05-22 15:49:14,Closed,Low,Technical Support,48,41.51,0,3
20946,2026-05-20 18:19:54,,Open,Medium,Delivery Issue,72,,0,
20947,2026-05-29 11:37:05,,In Progress,Low,Technical Support,48,,0,
20948,2026-05-01 22:48:31,,Open,High,Technical Support,48,,0,
20949,2026-05-08 05:48:40,2026-05-08 18:41:28,Resolved,Medium,Billing,24,12.88,0,4
20950,2026-05-16 17:23:40,2026-05-16 20:26:04,Resolved,High,Billing,24,3.04,0,5
20951,2026-05-23 08:24:18,2026-05-23 23:35:06,Resolved,Low,Billing,24,15.18,0,4
20952,2026-05-11 10:15:45,2026-05-13 14:55:21,Resolved,Low,Delivery Issue,72,52.66,0,3
20953,2026-04-01 11:11:01,,Open,High,Delivery Issue,72,,0,
20954,2026-04-20 02:22:53,2026-04-20 04:36:05,Resolved,High,Account Access,12,2.22,0,4
20955,2026-04-10 05:20:44,2026-04-10 09:19:32,Resolved,Low,Account Access,12,3.98,0,5
20956,2026-04-04 23:58:59,2026-04-06 03:54:47,Resolved,High,Delivery Issue,72,27.93,0,3
20957,2026-04-30 00:23:37,2026-04-30 09:20:01,Closed,Low,Account Access,12,8.94,0,4
20958,2026-04-04 19:36:21,2026-04-07 10:39:57,Resolved,Low,Technical Support,48,63.06,1,2
20959,2026-04-06 11:54:10,2026-04-06 16:21:46,Resolved,Medium,Account Access,12,4.46,0,5
20960,2026-04-01 07:40:06,2026-04-01 18:56:54,Resolved,Medium,Account Access,12,11.28,0,4
20961,2026-05-18 01:25:10,2026-05-18 10:47:58,Resolved,Low,Billing,24,9.38,0,5
20962,2026-05-28 17:23:22,2026-05-31 15:57:34,Resolved,Low,Delivery Issue,72,70.57,0,3
20963,2026-04-19 16:23:33,,In Progress,Low,Delivery Issue,72,,0,
20964,2026-05-17 11:59:56,,Open,Low,Billing,24,,0,
20965,2026-05-11 17:45:50,,In Progress,Low,Account Access,12,,0,
20966,2026-05-17 20:38:53,,In Progress,High,Account Access,12,,0,
20967,2026-05-18 10:59:40,2026-05-18 18:53:04,Resolved,Medium,Account Access,12,7.89,0,5
20968,2026-04-15 01:51:15,,In Progress,Low,Technical Support,48,,0,
20969,2026-05-14 20:25:56,,Open,High,Billing,24,,0,
20970,2026-05-05 04:46:17,2026-05-09 01:37:53,Resolved,Low,Delivery Issue,72,92.86,1,1
20971,2026-04-16 08:38:54,,In Progress,Low,Delivery Issue,72,,0,
20972,2026-05-12 10:30:54,,In Progress,Low,Delivery Issue,72,,0,
20973,2026-05-25 07:07:49,2026-05-25 15:52:13,Resolved,High,Billing,24,8.74,0,4
20974,2026-05-18 18:50:07,2026-05-18 22:51:19,Closed,Medium,Delivery Issue,72,4.02,0,2
20975,2026-04-18 08:59:31,2026-04-18 23:18:43,Resolved,Low,Billing,24,14.32,0,4
20976,2026-05-27 23:49:02,2026-05-28 14:08:14,Resolved,Low,Billing,24,14.32,0,4
20977,2026-04-05 20:39:04,2026-04-07 17:19:16,Resolved,Low,Technical Support,48,44.67,0,4
20978,2026-04-02 11:21:42,2026-04-03 05:12:42,Resolved,Low,Billing,24,17.85,0,4
20979,2026-05-23 12:18:17,,In Progress,Low,Billing,24,,0,
20980,2026-05-11 13:55:41,2026-05-16 14:39:29,Resolved,Low,Delivery Issue,72,120.73,1,1
20981,2026-04-16 16:46:42,2026-04-16 17:45:30,Resolved,High,Billing,24,0.98,0,4
20982,2026-04-26 22:00:17,2026-04-27 14:30:53,Closed,Low,Billing,24,16.51,0,4
20983,2026-04-04 22:35:43,,In Progress,Medium,Delivery Issue,72,,0,
20984,2026-04-07 02:20:09,,Open,Medium,Billing,24,,0,
20985,2026-04-12 02:58:18,,Open,High,Billing,24,,0,
20986,2026-04-19 06:54:42,2026-04-22 14:26:30,Resolved,Low,Delivery Issue,72,79.53,1,1
20987,2026-04-16 23:47:58,2026-04-18 14:28:10,Resolved,Low,Technical Support,48,38.67,0,4
20988,2026-05-11 08:20:14,,In Progress,High,Account Access,12,,0,
20989,2026-05-07 22:24:27,2026-05-08 08:23:15,Resolved,Low,Account Access,12,9.98,0,5
20990,2026-04-08 02:41:44,2026-04-08 10:33:20,Resolved,Medium,Account Access,12,7.86,0,5
20991,2026-05-13 22:56:54,2026-05-14 14:46:06,Resolved,High,Delivery Issue,72,15.82,0,3
20992,2026-04-24 11:58:59,2026-04-24 19:42:47,Resolved,Medium,Billing,24,7.73,0,4
20993,2026-04-13 21:50:02,2026-04-17 18:00:14,Resolved,Medium,Delivery Issue,72,92.17,1,1
20994,2026-05-31 00:48:21,2026-06-04 17:05:45,Closed,Low,Delivery Issue,72,112.29,1,1
20995,2026-05-26 05:54:47,2026-05-26 19:40:59,Resolved,Medium,Billing,24,13.77,0,4
20996,2026-04-16 21:06:05,,Open,Low,Delivery Issue,72,,0,
20997,2026-05-04 21:28:02,2026-05-05 03:01:38,Closed,High,Billing,24,5.56,0,4
20998,2026-05-23 22:26:11,2026-05-27 06:53:11,Closed,Medium,Delivery Issue,72,80.45,1,1
20999,2026-04-03 10:02:16,2026-04-06 04:48:28,Resolved,High,Delivery Issue,72,66.77,0,2
21000,2026-05-10 19:32:44,2026-05-11 04:57:20,Resolved,Medium,Billing,24,9.41,0,4
