customer_id,name,email,signup_date,region
1,Kajal Iyer,kajal.iyer47@gmail.com,2026-05-20,West
2,Pooja Joshi,pooja.joshi73@outlook.com,2026-05-09,East
3,Deepa Verma,deepa.verma27@outlook.com,2026-02-06,West
4,Rajesh Rao,rajesh.rao50@yahoo.com,2026-02-12,West
5,Vikram Mehta,vikram.mehta41@gmail.com,2026-02-27,North
6,Amit Gupta,amit.gupta14@outlook.com,2025-12-14,East
7,Sandeep Joshi,sandeep.joshi19@outlook.com,2026-03-30,North
8,Amit Sharma,amit.sharma70@gmail.com,2026-05-08,East
9,Vijay Joshi,vijay.joshi39@hotmail.com,2025-12-09,North
10,Arjun Verma,arjun.verma16@yahoo.com,2026-03-21,East
11,Kajal Choudhury,kajal.choudhury98@outlook.com,2026-03-08,East
12,Priya Joshi,priya.joshi51@outlook.com,2026-01-30,South
13,Amit Das,amit.das21@hotmail.com,2026-04-29,East
14,Sandeep Patel,sandeep.patel72@outlook.com,2025-12-24,North
15,Rajesh Sharma,rajesh.sharma23@outlook.com,2026-04-14,West
16,Priya Das,priya.das89@outlook.com,2026-02-21,West
17,Anjali Verma,anjali.verma55@gmail.com,2026-05-12,North
18,Amit Reddy,amit.reddy67@yahoo.com,2026-05-27,East
19,Rohan Iyer,rohan.iyer76@yahoo.com,2025-12-07,South
20,Vijay Gupta,vijay.gupta83@hotmail.com,2026-02-24,East
21,Rohan Reddy,rohan.reddy70@gmail.com,2026-03-01,South
22,Swati Mehta,swati.mehta21@gmail.com,2026-01-29,North
23,Amit Kumar,amit.kumar59@gmail.com,2026-04-24,East
24,Rohan Joshi,rohan.joshi97@gmail.com,2026-05-15,East
25,Arjun Sen,arjun.sen17@gmail.com,2025-12-01,East
26,Anjali Nair,anjali.nair63@gmail.com,2026-05-29,South
27,Priya Kumar,priya.kumar15@outlook.com,2026-05-17,North
28,Rajesh Sharma,rajesh.sharma98@gmail.com,2026-05-10,West
29,Swati Kumar,swati.kumar50@hotmail.com,2026-04-22,West
30,Rohan Mehta,rohan.mehta29@yahoo.com,2026-04-28,South
31,Arjun Sen,arjun.sen63@yahoo.com,2026-01-30,West
32,Kajal Choudhury,kajal.choudhury18@gmail.com,2026-01-27,West
33,Anjali Verma,anjali.verma28@gmail.com,2026-03-10,West
34,Deepa Das,deepa.das23@outlook.com,2026-04-04,South
35,Deepa Joshi,deepa.joshi94@yahoo.com,2026-05-25,North
36,Swati Verma,swati.verma56@hotmail.com,2026-05-05,East
37,Vikram Nair,vikram.nair53@gmail.com,2025-12-17,West
38,Priya Sen,priya.sen56@gmail.com,2026-05-13,East
39,Priya Kumar,priya.kumar93@gmail.com,2026-03-13,East
40,Arjun Iyer,arjun.iyer34@hotmail.com,2026-01-29,East
41,Deepa Sen,deepa.sen43@gmail.com,2026-02-24,South
42,Rahul Gupta,rahul.gupta77@outlook.com,2025-12-01,North
43,Vikram Das,vikram.das66@gmail.com,2026-05-06,South
44,Anjali Kumar,anjali.kumar81@hotmail.com,2025-12-16,West
45,Arjun Patel,arjun.patel28@hotmail.com,2026-02-22,North
46,Swati Sen,swati.sen58@hotmail.com,2025-12-18,North
47,Vikram Choudhury,vikram.choudhury33@gmail.com,2026-02-22,West
48,Vikram Patel,vikram.patel39@gmail.com,2026-01-30,West
49,Rajesh Gupta,rajesh.gupta76@hotmail.com,2026-05-01,South
50,Kajal Rao,kajal.rao82@yahoo.com,2026-01-18,North
51,Pooja Verma,pooja.verma77@yahoo.com,2025-12-06,South
52,Vijay Choudhury,vijay.choudhury55@gmail.com,2026-04-29,East
53,Sandeep Reddy,sandeep.reddy46@outlook.com,2025-12-15,West
54,Deepa Das,deepa.das53@hotmail.com,2026-04-03,West
55,Pooja Mehta,pooja.mehta24@outlook.com,2026-01-23,East
56,Deepa Mehta,deepa.mehta98@yahoo.com,2026-01-29,East
57,Amit Sen,amit.sen18@yahoo.com,2026-04-06,East
58,Arjun Choudhury,arjun.choudhury23@outlook.com,2026-05-09,South
59,Priya Rao,priya.rao70@hotmail.com,2025-12-13,North
60,Rohan Choudhury,rohan.choudhury70@hotmail.com,2026-03-05,North
61,Neha Sen,neha.sen17@gmail.com,2026-05-03,North
62,Rahul Iyer,rahul.iyer22@outlook.com,2026-03-12,North
63,Anjali Verma,anjali.verma91@yahoo.com,2026-02-26,East
64,Rajesh Das,rajesh.das58@hotmail.com,2026-02-25,East
65,Swati Verma,swati.verma13@yahoo.com,2026-01-16,North
66,Swati Nair,swati.nair44@gmail.com,2025-12-31,North
67,Pooja Rao,pooja.rao32@hotmail.com,2026-01-27,South
68,Priya Rao,priya.rao83@outlook.com,2026-01-01,South
69,Sneha Joshi,sneha.joshi88@gmail.com,2026-02-05,South
70,Pooja Iyer,pooja.iyer86@gmail.com,2026-05-24,North
71,Rajesh Rao,rajesh.rao16@gmail.com,2025-12-09,West
72,Sneha Nair,sneha.nair51@gmail.com,2025-12-01,West
73,Rohan Verma,rohan.verma99@gmail.com,2026-05-01,West
74,Pooja Choudhury,pooja.choudhury13@yahoo.com,2026-03-07,North
75,Anjali Kumar,anjali.kumar66@outlook.com,2026-05-23,West
76,Anjali Kumar,anjali.kumar62@yahoo.com,2026-01-08,East
77,Rohan Rao,rohan.rao25@outlook.com,2026-04-12,South
78,Vijay Iyer,vijay.iyer86@yahoo.com,2026-05-15,West
79,Sneha Das,sneha.das44@hotmail.com,2026-03-22,West
80,Rajesh Nair,rajesh.nair84@outlook.com,2026-01-15,West
81,Rohan Rao,rohan.rao44@yahoo.com,2026-02-25,North
82,Deepa Gupta,deepa.gupta97@outlook.com,2026-04-01,North
83,Deepa Sharma,deepa.sharma82@outlook.com,2026-04-06,West
84,Rajesh Choudhury,rajesh.choudhury16@outlook.com,2026-01-14,East
85,Amit Verma,amit.verma96@yahoo.com,2026-02-22,North
86,Rajesh Choudhury,rajesh.choudhury21@yahoo.com,2026-02-22,South
87,Sandeep Mehta,sandeep.mehta74@outlook.com,2026-03-20,North
88,Vikram Kumar,vikram.kumar80@yahoo.com,2026-01-10,South
89,Rajesh Nair,rajesh.nair19@outlook.com,2025-12-28,West
90,Sandeep Joshi,sandeep.joshi86@yahoo.com,2025-12-21,East
91,Deepa Choudhury,deepa.choudhury20@hotmail.com,2026-01-04,East
92,Rajesh Singh,rajesh.singh64@hotmail.com,2026-03-11,South
93,Pooja Reddy,pooja.reddy25@yahoo.com,2026-05-25,West
94,Amit Rao,amit.rao11@yahoo.com,2026-03-02,South
95,Anjali Joshi,anjali.joshi11@yahoo.com,2026-01-18,North
96,Amit Rao,amit.rao15@outlook.com,2026-04-28,East
97,Arjun Gupta,arjun.gupta25@yahoo.com,2026-05-06,South
98,Rahul Sen,rahul.sen38@hotmail.com,2026-05-22,South
99,Rajesh Mehta,rajesh.mehta94@hotmail.com,2026-05-03,East
100,Anjali Reddy,anjali.reddy63@outlook.com,2026-05-24,West
101,Arjun Choudhury,arjun.choudhury81@yahoo.com,2026-04-14,South
102,Swati Mehta,swati.mehta86@hotmail.com,2026-04-01,North
103,Amit Verma,amit.verma69@yahoo.com,2026-03-12,North
104,Pooja Sen,pooja.sen41@gmail.com,2026-02-06,West
105,Arjun Sen,arjun.sen56@outlook.com,2025-12-20,South
106,Sandeep Mehta,sandeep.mehta85@yahoo.com,2026-05-22,East
107,Kajal Nair,kajal.nair65@outlook.com,2026-04-17,North
108,Amit Mehta,amit.mehta50@outlook.com,2026-02-11,North
109,Deepa Verma,deepa.verma63@hotmail.com,2026-04-03,South
110,Priya Sharma,priya.sharma65@hotmail.com,2026-05-18,South
111,Vikram Nair,vikram.nair14@outlook.com,2026-04-15,South
112,Rajesh Patel,rajesh.patel18@outlook.com,2026-01-04,West
113,Vijay Mehta,vijay.mehta27@outlook.com,2026-04-15,South
114,Sneha Verma,sneha.verma21@yahoo.com,2026-03-07,West
115,Sneha Mehta,sneha.mehta54@gmail.com,2026-03-15,East
116,Rajesh Kumar,rajesh.kumar59@yahoo.com,2026-05-15,North
117,Priya Iyer,priya.iyer62@outlook.com,2026-02-18,South
118,Deepa Iyer,deepa.iyer56@gmail.com,2025-12-29,East
119,Neha Sen,neha.sen36@hotmail.com,2026-02-21,East
120,Rahul Kumar,rahul.kumar14@outlook.com,2026-05-07,North
121,Priya Iyer,priya.iyer88@hotmail.com,2025-12-10,West
122,Priya Joshi,priya.joshi73@hotmail.com,2026-01-25,West
123,Vijay Choudhury,vijay.choudhury53@outlook.com,2026-03-18,East
124,Amit Rao,amit.rao11@hotmail.com,2026-03-15,East
125,Sandeep Rao,sandeep.rao28@gmail.com,2026-01-04,South
126,Vikram Joshi,vikram.joshi26@hotmail.com,2026-01-23,East
127,Rajesh Nair,rajesh.nair98@hotmail.com,2026-05-25,West
128,Rajesh Iyer,rajesh.iyer77@yahoo.com,2025-12-31,North
129,Deepa Mehta,deepa.mehta87@outlook.com,2026-01-25,East
130,Deepa Rao,deepa.rao70@hotmail.com,2026-04-28,East
131,Swati Verma,swati.verma45@yahoo.com,2026-05-11,East
132,Sandeep Mehta,sandeep.mehta93@hotmail.com,2026-01-23,East
133,Vikram Gupta,vikram.gupta98@yahoo.com,2026-05-14,North
134,Sneha Patel,sneha.patel67@gmail.com,2026-03-18,North
135,Rohan Kumar,rohan.kumar25@hotmail.com,2026-03-27,West
136,Amit Das,amit.das82@hotmail.com,2025-12-25,North
137,Arjun Verma,arjun.verma45@outlook.com,2026-01-27,East
138,Priya Iyer,priya.iyer59@yahoo.com,2026-02-14,West
139,Swati Sen,swati.sen64@gmail.com,2026-05-27,South
140,Anjali Kumar,anjali.kumar21@yahoo.com,2026-04-19,East
141,Rajesh Sharma,rajesh.sharma45@yahoo.com,2026-04-29,North
142,Sneha Verma,sneha.verma34@outlook.com,2025-12-25,East
143,Rohan Sharma,rohan.sharma64@yahoo.com,2026-05-14,West
144,Rajesh Joshi,rajesh.joshi12@outlook.com,2026-01-14,South
145,Neha Sharma,neha.sharma31@yahoo.com,2025-12-27,North
146,Amit Reddy,amit.reddy84@yahoo.com,2026-03-12,West
147,Amit Iyer,amit.iyer80@outlook.com,2026-03-25,North
148,Rajesh Singh,rajesh.singh18@gmail.com,2026-05-04,South
149,Vikram Mehta,vikram.mehta66@outlook.com,2026-05-04,West
150,Neha Gupta,neha.gupta42@hotmail.com,2026-01-03,North
151,Anjali Das,anjali.das82@outlook.com,2026-04-05,South
152,Rohan Gupta,rohan.gupta17@yahoo.com,2026-04-28,West
153,Vikram Patel,vikram.patel38@outlook.com,2025-12-04,East
154,Rohan Choudhury,rohan.choudhury85@outlook.com,2026-02-20,South
155,Vijay Joshi,vijay.joshi18@gmail.com,2026-01-10,North
156,Deepa Singh,deepa.singh56@yahoo.com,2025-12-05,East
157,Kajal Patel,kajal.patel34@outlook.com,2026-01-30,North
158,Neha Reddy,neha.reddy32@gmail.com,2026-01-05,North
159,Vijay Sen,vijay.sen84@gmail.com,2026-01-13,South
160,Rohan Choudhury,rohan.choudhury63@outlook.com,2026-02-07,South
161,Rajesh Joshi,rajesh.joshi10@outlook.com,2025-12-29,West
162,Rajesh Verma,rajesh.verma28@yahoo.com,2026-04-19,East
163,Rohan Gupta,rohan.gupta18@gmail.com,2026-04-16,North
164,Kajal Sen,kajal.sen13@hotmail.com,2025-12-12,North
165,Priya Kumar,priya.kumar27@yahoo.com,2025-12-20,West
166,Sandeep Sharma,sandeep.sharma83@hotmail.com,2026-04-21,West
167,Kajal Kumar,kajal.kumar39@yahoo.com,2025-12-10,South
168,Rajesh Rao,rajesh.rao83@outlook.com,2026-01-29,East
169,Priya Iyer,priya.iyer95@outlook.com,2026-03-03,South
170,Deepa Choudhury,deepa.choudhury54@hotmail.com,2025-12-06,South
171,Neha Nair,neha.nair65@yahoo.com,2026-03-04,East
172,Sneha Mehta,sneha.mehta53@yahoo.com,2026-03-27,North
173,Rohan Sen,rohan.sen86@outlook.com,2026-04-13,South
174,Swati Sen,swati.sen66@yahoo.com,2026-03-15,South
175,Arjun Mehta,arjun.mehta71@yahoo.com,2026-05-18,South
176,Amit Mehta,amit.mehta66@hotmail.com,2026-01-29,South
177,Amit Singh,amit.singh52@yahoo.com,2026-02-09,North
178,Vikram Verma,vikram.verma68@hotmail.com,2026-02-09,South
179,Rahul Verma,rahul.verma73@yahoo.com,2026-01-11,West
180,Anjali Rao,anjali.rao74@gmail.com,2026-03-11,East
181,Neha Rao,neha.rao41@yahoo.com,2026-05-13,East
182,Pooja Iyer,pooja.iyer21@gmail.com,2026-03-20,East
183,Neha Das,neha.das94@outlook.com,2025-12-26,South
184,Rajesh Sen,rajesh.sen41@outlook.com,2026-02-09,West
185,Arjun Gupta,arjun.gupta80@yahoo.com,2026-05-08,West
186,Sandeep Iyer,sandeep.iyer18@gmail.com,2026-04-06,East
187,Vikram Mehta,vikram.mehta21@yahoo.com,2025-12-30,South
188,Rajesh Gupta,rajesh.gupta26@gmail.com,2026-01-30,North
189,Priya Sen,priya.sen18@yahoo.com,2026-01-09,North
190,Deepa Choudhury,deepa.choudhury57@outlook.com,2026-04-30,West
191,Anjali Das,anjali.das88@hotmail.com,2026-05-16,North
192,Pooja Reddy,pooja.reddy35@yahoo.com,2026-02-02,South
193,Pooja Das,pooja.das41@hotmail.com,2026-02-25,West
194,Sandeep Sen,sandeep.sen21@hotmail.com,2025-12-02,North
195,Neha Reddy,neha.reddy69@outlook.com,2025-12-05,South
196,Neha Joshi,neha.joshi64@hotmail.com,2026-01-18,North
197,Rahul Nair,rahul.nair98@gmail.com,2026-05-12,South
198,Vijay Sharma,vijay.sharma64@gmail.com,2026-05-05,West
199,Anjali Mehta,anjali.mehta60@yahoo.com,2026-04-20,North
200,Rajesh Iyer,rajesh.iyer63@yahoo.com,2026-05-27,West
201,Deepa Nair,deepa.nair34@outlook.com,2026-05-02,South
202,Kajal Reddy,kajal.reddy68@outlook.com,2026-05-07,North
203,Rohan Iyer,rohan.iyer42@outlook.com,2026-04-11,West
204,Amit Sen,amit.sen69@yahoo.com,2026-05-20,East
205,Arjun Iyer,arjun.iyer69@gmail.com,2026-03-29,West
206,Swati Kumar,swati.kumar84@gmail.com,2026-01-26,North
207,Neha Gupta,neha.gupta15@gmail.com,2026-02-11,West
208,Sandeep Patel,sandeep.patel54@gmail.com,2026-02-22,South
209,Swati Joshi,swati.joshi74@gmail.com,2026-01-13,East
210,Priya Das,priya.das86@gmail.com,2026-04-18,West
211,Vikram Choudhury,vikram.choudhury93@hotmail.com,2026-02-22,East
212,Swati Joshi,swati.joshi74@hotmail.com,2026-03-20,North
213,Pooja Kumar,pooja.kumar21@gmail.com,2026-02-04,South
214,Rohan Patel,rohan.patel54@yahoo.com,2026-04-29,North
215,Sandeep Verma,sandeep.verma94@hotmail.com,2026-03-21,South
216,Rajesh Kumar,rajesh.kumar41@outlook.com,2026-03-04,South
217,Rajesh Sharma,rajesh.sharma61@yahoo.com,2026-02-17,West
218,Priya Sharma,priya.sharma74@yahoo.com,2026-01-30,North
219,Priya Singh,priya.singh38@gmail.com,2026-04-01,South
220,Pooja Choudhury,pooja.choudhury82@yahoo.com,2026-03-25,North
221,Deepa Patel,deepa.patel97@gmail.com,2025-12-01,West
222,Sandeep Rao,sandeep.rao81@outlook.com,2026-05-18,East
223,Rahul Mehta,rahul.mehta31@gmail.com,2025-12-05,North
224,Swati Joshi,swati.joshi79@hotmail.com,2026-05-28,West
225,Priya Sen,priya.sen71@hotmail.com,2026-03-14,South
226,Deepa Das,deepa.das31@gmail.com,2026-02-28,West
227,Sneha Das,sneha.das10@outlook.com,2026-01-03,West
228,Deepa Iyer,deepa.iyer79@gmail.com,2026-01-01,South
229,Vikram Choudhury,vikram.choudhury44@outlook.com,2026-03-31,North
230,Vijay Kumar,vijay.kumar47@yahoo.com,2026-03-21,West
231,Vijay Das,vijay.das60@gmail.com,2026-04-02,East
232,Neha Gupta,neha.gupta18@hotmail.com,2026-04-11,East
233,Neha Mehta,neha.mehta81@gmail.com,2026-02-27,South
234,Rahul Joshi,rahul.joshi44@gmail.com,2026-03-30,East
235,Rajesh Verma,rajesh.verma65@outlook.com,2026-03-06,North
236,Deepa Reddy,deepa.reddy50@hotmail.com,2026-02-23,West
237,Rohan Gupta,rohan.gupta44@hotmail.com,2026-05-16,West
238,Sneha Reddy,sneha.reddy81@gmail.com,2026-01-13,West
239,Kajal Verma,kajal.verma85@outlook.com,2025-12-30,North
240,Kajal Iyer,kajal.iyer35@yahoo.com,2026-01-15,South
241,Priya Reddy,priya.reddy84@yahoo.com,2026-03-07,South
242,Rahul Iyer,rahul.iyer30@outlook.com,2026-05-28,South
243,Vijay Rao,vijay.rao95@yahoo.com,2026-01-29,East
244,Vikram Choudhury,vikram.choudhury86@hotmail.com,2026-04-14,South
245,Swati Joshi,swati.joshi30@outlook.com,2026-04-04,North
246,Rajesh Reddy,rajesh.reddy40@hotmail.com,2026-02-12,South
247,Kajal Patel,kajal.patel25@outlook.com,2026-01-11,East
248,Swati Choudhury,swati.choudhury22@gmail.com,2026-05-27,East
249,Arjun Singh,arjun.singh55@outlook.com,2026-01-28,North
250,Neha Joshi,neha.joshi70@yahoo.com,2026-01-03,West
251,Amit Das,amit.das93@hotmail.com,2026-01-15,East
252,Kajal Gupta,kajal.gupta36@yahoo.com,2026-01-13,North
253,Sneha Iyer,sneha.iyer71@hotmail.com,2026-02-13,North
254,Vikram Choudhury,vikram.choudhury41@outlook.com,2026-04-01,North
255,Rahul Gupta,rahul.gupta45@yahoo.com,2026-03-07,South
256,Pooja Sen,pooja.sen99@gmail.com,2026-05-09,North
257,Amit Kumar,amit.kumar53@hotmail.com,2026-01-17,West
258,Amit Patel,amit.patel85@outlook.com,2026-01-21,East
259,Rahul Rao,rahul.rao11@yahoo.com,2026-03-03,East
260,Pooja Singh,pooja.singh44@outlook.com,2026-03-17,North
261,Sneha Mehta,sneha.mehta99@outlook.com,2026-05-27,North
262,Kajal Iyer,kajal.iyer61@outlook.com,2026-05-20,East
263,Sandeep Patel,sandeep.patel84@hotmail.com,2026-03-06,East
264,Rohan Singh,rohan.singh26@hotmail.com,2026-04-09,North
265,Rajesh Das,rajesh.das53@outlook.com,2026-03-29,South
266,Priya Joshi,priya.joshi75@outlook.com,2026-05-23,South
267,Amit Choudhury,amit.choudhury85@hotmail.com,2026-01-16,North
268,Pooja Sharma,pooja.sharma28@gmail.com,2026-01-25,West
269,Amit Gupta,amit.gupta23@gmail.com,2026-01-09,South
270,Swati Gupta,swati.gupta93@gmail.com,2026-05-16,South
271,Rohan Singh,rohan.singh76@yahoo.com,2026-03-27,South
272,Amit Joshi,amit.joshi38@gmail.com,2026-02-20,East
273,Anjali Rao,anjali.rao20@outlook.com,2026-02-13,South
274,Sneha Gupta,sneha.gupta77@outlook.com,2026-05-01,West
275,Kajal Mehta,kajal.mehta67@yahoo.com,2025-12-02,East
276,Rohan Gupta,rohan.gupta40@yahoo.com,2025-12-22,North
277,Arjun Rao,arjun.rao67@yahoo.com,2026-04-18,North
278,Neha Singh,neha.singh32@hotmail.com,2026-05-19,South
279,Kajal Joshi,kajal.joshi52@yahoo.com,2026-02-02,West
280,Kajal Patel,kajal.patel64@outlook.com,2026-03-01,West
281,Rahul Choudhury,rahul.choudhury61@gmail.com,2026-05-23,North
282,Kajal Singh,kajal.singh84@outlook.com,2026-03-14,West
283,Kajal Patel,kajal.patel18@gmail.com,2026-02-05,West
284,Sandeep Reddy,sandeep.reddy55@gmail.com,2025-12-25,West
285,Sandeep Das,sandeep.das58@gmail.com,2026-02-17,East
286,Arjun Joshi,arjun.joshi17@hotmail.com,2026-01-03,West
287,Neha Verma,neha.verma56@gmail.com,2026-04-18,East
288,Pooja Reddy,pooja.reddy12@outlook.com,2026-01-16,East
289,Deepa Patel,deepa.patel12@outlook.com,2026-05-20,South
290,Sneha Sen,sneha.sen52@yahoo.com,2026-05-01,South
291,Amit Das,amit.das52@gmail.com,2026-03-11,East
292,Priya Choudhury,priya.choudhury24@hotmail.com,2026-04-10,West
293,Rohan Das,rohan.das78@gmail.com,2026-01-26,West
294,Pooja Mehta,pooja.mehta23@outlook.com,2026-02-20,West
295,Swati Rao,swati.rao17@yahoo.com,2026-01-08,North
296,Anjali Reddy,anjali.reddy63@outlook.com,2025-12-27,South
297,Sneha Choudhury,sneha.choudhury75@yahoo.com,2026-05-11,South
298,Vikram Sharma,vikram.sharma72@gmail.com,2026-02-27,West
299,Rahul Mehta,rahul.mehta63@yahoo.com,2026-03-10,East
300,Amit Singh,amit.singh87@gmail.com,2025-12-11,North
301,Kajal Singh,kajal.singh87@hotmail.com,2026-04-13,East
302,Rahul Verma,rahul.verma15@yahoo.com,2026-04-27,East
303,Amit Mehta,amit.mehta66@outlook.com,2026-04-16,West
304,Sneha Verma,sneha.verma41@hotmail.com,2026-02-20,North
305,Rahul Verma,rahul.verma45@hotmail.com,2026-01-13,East
306,Deepa Mehta,deepa.mehta65@outlook.com,2025-12-11,South
307,Sneha Choudhury,sneha.choudhury12@yahoo.com,2026-05-21,East
308,Priya Gupta,priya.gupta60@hotmail.com,2026-01-17,South
309,Anjali Choudhury,anjali.choudhury73@gmail.com,2025-12-05,South
310,Amit Reddy,amit.reddy56@gmail.com,2026-05-24,North
311,Rahul Iyer,rahul.iyer30@yahoo.com,2026-01-29,South
312,Kajal Choudhury,kajal.choudhury24@gmail.com,2026-01-02,North
313,Rohan Reddy,rohan.reddy85@hotmail.com,2026-02-19,East
314,Pooja Das,pooja.das48@gmail.com,2026-02-05,East
315,Sandeep Singh,sandeep.singh92@gmail.com,2025-12-12,West
316,Sandeep Mehta,sandeep.mehta44@gmail.com,2026-02-01,North
317,Priya Sen,priya.sen18@outlook.com,2026-01-23,North
318,Arjun Kumar,arjun.kumar22@gmail.com,2025-12-27,West
319,Arjun Kumar,arjun.kumar42@hotmail.com,2026-04-30,East
320,Arjun Das,arjun.das13@yahoo.com,2026-01-17,West
321,Swati Joshi,swati.joshi14@gmail.com,2026-05-30,West
322,Anjali Gupta,anjali.gupta62@hotmail.com,2026-02-06,South
323,Sandeep Rao,sandeep.rao95@gmail.com,2025-12-16,North
324,Vijay Kumar,vijay.kumar78@outlook.com,2026-04-17,South
325,Sneha Sharma,sneha.sharma92@hotmail.com,2026-04-20,South
326,Rohan Choudhury,rohan.choudhury60@gmail.com,2026-01-15,East
327,Rohan Joshi,rohan.joshi71@outlook.com,2026-05-19,West
328,Anjali Singh,anjali.singh97@gmail.com,2026-05-14,West
329,Vijay Verma,vijay.verma49@yahoo.com,2026-01-06,West
330,Rohan Kumar,rohan.kumar87@yahoo.com,2026-01-11,East
331,Arjun Iyer,arjun.iyer45@hotmail.com,2026-01-07,West
332,Vikram Mehta,vikram.mehta23@yahoo.com,2026-03-27,West
333,Priya Reddy,priya.reddy66@yahoo.com,2026-02-10,South
334,Arjun Singh,arjun.singh53@hotmail.com,2025-12-19,West
335,Amit Sen,amit.sen79@yahoo.com,2026-03-02,South
336,Amit Kumar,amit.kumar63@yahoo.com,2025-12-28,West
337,Amit Kumar,amit.kumar20@hotmail.com,2026-03-21,North
338,Amit Iyer,amit.iyer79@hotmail.com,2026-01-25,North
339,Vijay Kumar,vijay.kumar38@outlook.com,2026-04-21,East
340,Pooja Reddy,pooja.reddy50@hotmail.com,2025-12-08,South
341,Sneha Singh,sneha.singh75@gmail.com,2026-02-21,East
342,Kajal Mehta,kajal.mehta99@hotmail.com,2026-03-18,West
343,Vikram Rao,vikram.rao61@outlook.com,2026-05-03,North
344,Anjali Joshi,anjali.joshi50@hotmail.com,2026-01-13,West
345,Arjun Reddy,arjun.reddy46@yahoo.com,2026-04-05,East
346,Neha Verma,neha.verma75@yahoo.com,2026-04-01,South
347,Sneha Sharma,sneha.sharma79@hotmail.com,2025-12-05,West
348,Kajal Choudhury,kajal.choudhury24@gmail.com,2026-05-19,East
349,Kajal Iyer,kajal.iyer56@hotmail.com,2026-03-07,South
350,Rajesh Verma,rajesh.verma71@outlook.com,2026-01-17,North
351,Sneha Iyer,sneha.iyer30@gmail.com,2026-03-08,East
352,Amit Kumar,amit.kumar57@yahoo.com,2026-03-07,South
353,Amit Singh,amit.singh55@hotmail.com,2025-12-26,East
354,Anjali Sharma,anjali.sharma81@yahoo.com,2026-03-10,North
355,Sandeep Verma,sandeep.verma31@gmail.com,2025-12-06,East
356,Vikram Rao,vikram.rao60@gmail.com,2026-02-12,West
357,Neha Verma,neha.verma68@outlook.com,2026-01-09,East
358,Sandeep Sharma,sandeep.sharma62@hotmail.com,2026-01-16,West
359,Kajal Sen,kajal.sen45@yahoo.com,2026-03-01,West
360,Kajal Kumar,kajal.kumar28@hotmail.com,2026-04-06,East
361,Priya Nair,priya.nair37@outlook.com,2026-03-15,West
362,Anjali Gupta,anjali.gupta58@outlook.com,2026-04-02,East
363,Kajal Verma,kajal.verma90@outlook.com,2026-02-18,West
364,Neha Sen,neha.sen91@yahoo.com,2026-02-07,South
365,Vikram Das,vikram.das18@hotmail.com,2026-01-16,West
366,Rajesh Nair,rajesh.nair99@yahoo.com,2026-02-01,South
367,Vikram Kumar,vikram.kumar18@yahoo.com,2026-02-12,South
368,Neha Das,neha.das68@outlook.com,2025-12-26,South
369,Anjali Mehta,anjali.mehta63@hotmail.com,2026-05-18,East
370,Sandeep Joshi,sandeep.joshi27@yahoo.com,2025-12-30,South
371,Kajal Patel,kajal.patel13@yahoo.com,2026-05-16,West
372,Sandeep Das,sandeep.das48@hotmail.com,2026-01-16,South
373,Swati Sharma,swati.sharma98@yahoo.com,2026-03-02,West
374,Rohan Choudhury,rohan.choudhury95@outlook.com,2026-01-11,West
375,Vikram Nair,vikram.nair90@outlook.com,2025-12-27,South
376,Sandeep Kumar,sandeep.kumar58@hotmail.com,2026-05-27,South
377,Rohan Gupta,rohan.gupta11@outlook.com,2025-12-20,West
378,Neha Rao,neha.rao11@hotmail.com,2026-02-09,South
379,Sandeep Verma,sandeep.verma58@yahoo.com,2026-04-23,West
380,Rajesh Choudhury,rajesh.choudhury62@outlook.com,2026-02-28,North
381,Priya Gupta,priya.gupta21@hotmail.com,2026-02-05,North
382,Rahul Joshi,rahul.joshi33@yahoo.com,2025-12-20,North
383,Vijay Mehta,vijay.mehta78@yahoo.com,2026-01-30,West
384,Rohan Rao,rohan.rao75@outlook.com,2026-03-23,East
385,Sneha Singh,sneha.singh80@yahoo.com,2026-01-16,East
386,Pooja Nair,pooja.nair29@hotmail.com,2026-03-16,East
387,Swati Das,swati.das71@outlook.com,2026-01-15,South
388,Rohan Patel,rohan.patel90@outlook.com,2026-01-06,West
389,Vikram Sharma,vikram.sharma20@outlook.com,2026-01-01,North
390,Pooja Gupta,pooja.gupta76@yahoo.com,2026-04-16,East
391,Rohan Rao,rohan.rao79@hotmail.com,2026-01-06,South
392,Rajesh Sharma,rajesh.sharma82@hotmail.com,2025-12-03,North
393,Rohan Das,rohan.das17@hotmail.com,2026-05-21,East
394,Rohan Rao,rohan.rao73@outlook.com,2025-12-09,North
395,Rahul Mehta,rahul.mehta81@yahoo.com,2026-03-21,South
396,Deepa Mehta,deepa.mehta84@outlook.com,2026-02-09,West
397,Rahul Joshi,rahul.joshi46@hotmail.com,2026-04-04,West
398,Vijay Nair,vijay.nair33@hotmail.com,2026-02-25,South
399,Sneha Iyer,sneha.iyer23@hotmail.com,2026-03-17,East
400,Rajesh Sharma,rajesh.sharma41@outlook.com,2026-03-20,South
401,Vikram Singh,vikram.singh55@outlook.com,2026-05-06,West
402,Arjun Patel,arjun.patel68@outlook.com,2026-02-28,West
403,Rahul Patel,rahul.patel88@outlook.com,2026-04-20,East
404,Arjun Das,arjun.das33@hotmail.com,2025-12-09,South
405,Rahul Joshi,rahul.joshi49@hotmail.com,2026-03-12,North
406,Rohan Reddy,rohan.reddy15@hotmail.com,2026-04-20,East
407,Deepa Mehta,deepa.mehta84@outlook.com,2026-03-09,East
408,Anjali Sen,anjali.sen19@gmail.com,2026-05-26,East
409,Sneha Mehta,sneha.mehta63@hotmail.com,2026-03-31,South
410,Sandeep Sharma,sandeep.sharma70@gmail.com,2026-01-30,East
411,Rajesh Kumar,rajesh.kumar18@gmail.com,2026-05-08,East
412,Neha Choudhury,neha.choudhury62@hotmail.com,2026-02-01,East
413,Arjun Gupta,arjun.gupta72@hotmail.com,2026-01-16,East
414,Rajesh Mehta,rajesh.mehta22@gmail.com,2026-03-25,West
415,Sandeep Choudhury,sandeep.choudhury37@yahoo.com,2025-12-17,East
416,Sneha Sen,sneha.sen39@yahoo.com,2026-02-20,East
417,Arjun Verma,arjun.verma97@yahoo.com,2026-04-04,South
418,Arjun Das,arjun.das87@yahoo.com,2026-05-26,West
419,Sandeep Joshi,sandeep.joshi37@yahoo.com,2025-12-25,North
420,Vijay Nair,vijay.nair69@yahoo.com,2026-03-10,East
421,Sandeep Mehta,sandeep.mehta29@yahoo.com,2026-01-07,East
422,Priya Rao,priya.rao43@outlook.com,2026-05-10,East
423,Neha Sharma,neha.sharma22@yahoo.com,2025-12-12,East
424,Anjali Iyer,anjali.iyer20@hotmail.com,2026-04-27,North
425,Kajal Mehta,kajal.mehta93@gmail.com,2026-01-18,West
426,Swati Sen,swati.sen97@hotmail.com,2026-03-11,East
427,Rajesh Nair,rajesh.nair52@outlook.com,2026-03-23,West
428,Amit Patel,amit.patel56@hotmail.com,2026-04-26,East
429,Kajal Das,kajal.das22@outlook.com,2026-03-04,North
430,Sneha Iyer,sneha.iyer62@hotmail.com,2026-03-19,South
431,Sneha Kumar,sneha.kumar67@hotmail.com,2026-04-12,North
432,Priya Reddy,priya.reddy80@hotmail.com,2026-03-19,North
433,Pooja Sen,pooja.sen48@yahoo.com,2026-01-06,South
434,Pooja Mehta,pooja.mehta70@hotmail.com,2025-12-07,East
435,Rohan Sharma,rohan.sharma12@yahoo.com,2025-12-11,South
436,Vijay Singh,vijay.singh73@outlook.com,2026-03-23,South
437,Sneha Singh,sneha.singh45@gmail.com,2026-01-17,East
438,Pooja Singh,pooja.singh85@yahoo.com,2026-03-26,South
439,Anjali Gupta,anjali.gupta93@gmail.com,2026-03-09,West
440,Amit Nair,amit.nair64@outlook.com,2026-02-11,North
441,Vikram Reddy,vikram.reddy55@yahoo.com,2026-03-17,West
442,Arjun Joshi,arjun.joshi85@outlook.com,2026-02-06,North
443,Anjali Iyer,anjali.iyer68@yahoo.com,2026-03-12,West
444,Sandeep Gupta,sandeep.gupta36@outlook.com,2026-03-08,East
445,Deepa Iyer,deepa.iyer90@outlook.com,2026-04-05,East
446,Neha Verma,neha.verma72@hotmail.com,2026-02-08,North
447,Sandeep Choudhury,sandeep.choudhury88@hotmail.com,2025-12-02,East
448,Swati Sharma,swati.sharma80@hotmail.com,2025-12-24,South
449,Priya Mehta,priya.mehta88@gmail.com,2026-05-17,South
450,Rahul Das,rahul.das73@outlook.com,2026-05-20,West
451,Deepa Kumar,deepa.kumar59@yahoo.com,2025-12-31,South
452,Rahul Das,rahul.das58@yahoo.com,2025-12-07,West
453,Deepa Choudhury,deepa.choudhury97@yahoo.com,2026-04-24,North
454,Rajesh Singh,rajesh.singh83@outlook.com,2026-03-12,East
455,Amit Singh,amit.singh63@outlook.com,2025-12-15,East
456,Arjun Singh,arjun.singh26@hotmail.com,2026-05-30,East
457,Rajesh Joshi,rajesh.joshi83@outlook.com,2026-04-04,North
458,Rahul Joshi,rahul.joshi54@yahoo.com,2026-03-08,South
459,Arjun Patel,arjun.patel17@yahoo.com,2026-05-18,North
460,Rohan Das,rohan.das37@hotmail.com,2026-04-12,North
461,Neha Kumar,neha.kumar30@outlook.com,2026-01-28,South
462,Rohan Patel,rohan.patel96@yahoo.com,2026-05-27,North
463,Vijay Nair,vijay.nair75@outlook.com,2026-04-14,East
464,Vikram Mehta,vikram.mehta34@yahoo.com,2026-03-06,East
465,Sneha Reddy,sneha.reddy68@gmail.com,2026-04-25,West
466,Neha Sen,neha.sen32@hotmail.com,2026-05-09,East
467,Kajal Gupta,kajal.gupta30@yahoo.com,2026-03-07,West
468,Anjali Iyer,anjali.iyer73@yahoo.com,2025-12-07,West
469,Pooja Kumar,pooja.kumar68@hotmail.com,2026-04-25,West
470,Vijay Mehta,vijay.mehta48@outlook.com,2026-03-17,East
471,Vijay Reddy,vijay.reddy94@yahoo.com,2026-02-05,North
472,Priya Sharma,priya.sharma17@outlook.com,2026-01-21,West
473,Vikram Verma,vikram.verma39@gmail.com,2025-12-08,East
474,Amit Gupta,amit.gupta55@gmail.com,2026-02-24,East
475,Neha Das,neha.das23@outlook.com,2025-12-25,West
476,Vijay Singh,vijay.singh11@hotmail.com,2026-04-03,North
477,Arjun Mehta,arjun.mehta27@outlook.com,2026-05-24,South
478,Swati Sen,swati.sen31@hotmail.com,2026-05-11,North
479,Rahul Reddy,rahul.reddy86@hotmail.com,2025-12-13,South
480,Pooja Mehta,pooja.mehta33@gmail.com,2025-12-20,East
481,Vijay Sharma,vijay.sharma31@outlook.com,2026-01-25,South
482,Vijay Choudhury,vijay.choudhury32@hotmail.com,2025-12-03,North
483,Sandeep Sen,sandeep.sen92@hotmail.com,2026-02-05,West
484,Anjali Sharma,anjali.sharma87@hotmail.com,2026-01-20,West
485,Anjali Kumar,anjali.kumar54@hotmail.com,2026-01-22,East
486,Arjun Nair,arjun.nair55@yahoo.com,2026-01-13,East
487,Sandeep Rao,sandeep.rao19@outlook.com,2026-04-05,West
488,Amit Reddy,amit.reddy75@yahoo.com,2026-05-07,West
489,Amit Joshi,amit.joshi14@gmail.com,2025-12-04,West
490,Neha Reddy,neha.reddy50@gmail.com,2026-05-06,South
491,Swati Sharma,swati.sharma15@yahoo.com,2026-01-11,East
492,Swati Mehta,swati.mehta56@hotmail.com,2026-04-03,North
493,Deepa Sharma,deepa.sharma94@yahoo.com,2026-05-24,East
494,Amit Gupta,amit.gupta94@yahoo.com,2026-01-27,West
495,Arjun Gupta,arjun.gupta30@gmail.com,2025-12-30,North
496,Arjun Iyer,arjun.iyer69@yahoo.com,2026-04-30,West
497,Vijay Iyer,vijay.iyer66@yahoo.com,2026-01-27,North
498,Pooja Iyer,pooja.iyer17@hotmail.com,2026-05-20,South
499,Sandeep Choudhury,sandeep.choudhury48@hotmail.com,2026-05-03,South
500,Anjali Patel,anjali.patel63@gmail.com,2026-02-03,East
