order_id,customer_id,order_date,product_name,category,amount,status
10001,1,2026-05-20 00:00:00,Mechanical Keyboard,Electronics,9000,Completed
10002,2,2026-05-11 00:00:00,Water Bottle 1L,Fitness,1600,Completed
10003,3,2026-02-07 00:00:00,Water Bottle 1L,Fitness,800,Completed
10004,3,2026-03-21 00:00:00,Water Bottle 1L,Fitness,1600,Completed
10005,3,2026-05-10 00:00:00,Resistance Bands Set,Fitness,1900,Completed
10006,4,2026-02-14 00:00:00,Water Bottle 1L,Fitness,800,Completed
10007,4,2026-04-01 00:00:00,Yoga Mat,Fitness,1500,Completed
10008,4,2026-05-14 00:00:00,Ergonomic Office Chair,Furniture,37500,Completed
10009,5,2026-03-02 00:00:00,Water Bottle 1L,Fitness,1600,Completed
10010,5,2026-04-03 00:00:00,Yoga Mat,Fitness,1500,Completed
10011,5,2026-05-14 00:00:00,Mechanical Keyboard,Electronics,13500,Completed
10012,6,2025-12-15 00:00:00,LED Desk Lamp,Furniture,4400,Completed
10013,6,2026-01-06 00:00:00,Ergonomic Office Chair,Furniture,12500,Completed
10014,7,2026-04-02 00:00:00,Yoga Mat,Fitness,1500,Completed
10015,7,2026-04-15 00:00:00,Yoga Mat,Fitness,3000,Completed
10016,7,2026-05-25 00:00:00,Noise Cancelling Headphones,Electronics,8500,Completed
10017,8,2026-05-09 00:00:00,Wireless Mouse,Electronics,1200,Completed
10018,8,2026-05-26 00:00:00,Water Bottle 1L,Fitness,2400,Completed
10019,9,2025-12-10 00:00:00,Gel Pen Pack of 10,Stationery,500,Completed
10020,10,2026-03-24 00:00:00,Leather Notebook,Stationery,1200,Completed
10021,10,2026-05-06 00:00:00,Gel Pen Pack of 10,Stationery,750,Completed
10022,10,2026-05-29 00:00:00,Ergonomic Office Chair,Furniture,37500,Completed
10023,11,2026-03-10 00:00:00,Water Bottle 1L,Fitness,800,Completed
10024,12,2026-01-31 00:00:00,Gel Pen Pack of 10,Stationery,500,Completed
10025,13,2026-05-02 00:00:00,Water Bottle 1L,Fitness,1600,Returned
10026,15,2026-04-15 00:00:00,Ergonomic Office Chair,Furniture,25000,Completed
10027,16,2026-02-23 00:00:00,LED Desk Lamp,Furniture,4400,Completed
10028,16,2026-03-11 00:00:00,Yoga Mat,Fitness,4500,Completed
10029,16,2026-04-26 00:00:00,Wireless Mouse,Electronics,3600,Completed
10030,19,2025-12-08 00:00:00,Ergonomic Office Chair,Furniture,25000,Completed
10031,19,2026-01-06 00:00:00,Resistance Bands Set,Fitness,2850,Completed
10032,19,2026-02-18 00:00:00,Water Bottle 1L,Fitness,800,Completed
10033,21,2026-03-01 00:00:00,Water Bottle 1L,Fitness,800,Completed
10034,21,2026-04-21 00:00:00,Resistance Bands Set,Fitness,1900,Completed
10035,21,2026-05-02 00:00:00,LED Desk Lamp,Furniture,6600,Completed
10036,21,2026-05-17 00:00:00,Leather Notebook,Stationery,600,Completed
10037,22,2026-01-30 00:00:00,Mechanical Keyboard,Electronics,4500,Completed
10038,22,2026-02-12 00:00:00,Noise Cancelling Headphones,Electronics,25500,Completed
10039,22,2026-04-09 00:00:00,Resistance Bands Set,Fitness,950,Completed
10040,22,2026-05-11 00:00:00,Mechanical Keyboard,Electronics,9000,Completed
10041,24,2026-05-17 00:00:00,Gel Pen Pack of 10,Stationery,250,Completed
10042,25,2025-12-03 00:00:00,Leather Notebook,Stationery,1200,Completed
10043,25,2026-01-12 00:00:00,Noise Cancelling Headphones,Electronics,25500,Completed
10044,25,2026-02-10 00:00:00,Yoga Mat,Fitness,4500,Completed
10045,25,2026-04-07 00:00:00,Leather Notebook,Stationery,1800,Completed
10046,25,2026-05-06 00:00:00,Yoga Mat,Fitness,3000,Completed
10047,25,2026-05-27 00:00:00,Water Bottle 1L,Fitness,800,Completed
10048,26,2026-05-29 00:00:00,Water Bottle 1L,Fitness,1600,Completed
10049,27,2026-05-18 00:00:00,Ergonomic Office Chair,Furniture,25000,Completed
10050,28,2026-05-13 00:00:00,Noise Cancelling Headphones,Electronics,8500,Completed
10051,28,2026-05-29 00:00:00,Leather Notebook,Stationery,600,Completed
10052,29,2026-04-24 00:00:00,Mechanical Keyboard,Electronics,9000,Completed
10053,29,2026-05-06 00:00:00,Water Bottle 1L,Fitness,800,Completed
10054,30,2026-04-29 00:00:00,Gel Pen Pack of 10,Stationery,250,Completed
10055,30,2026-05-11 00:00:00,LED Desk Lamp,Furniture,4400,Completed
10056,31,2026-02-01 00:00:00,Leather Notebook,Stationery,1200,Completed
10057,31,2026-03-24 00:00:00,Water Bottle 1L,Fitness,1600,Completed
10058,33,2026-03-12 00:00:00,Wireless Mouse,Electronics,1200,Returned
10059,35,2026-05-26 00:00:00,Noise Cancelling Headphones,Electronics,17000,Completed
10060,36,2026-05-07 00:00:00,Leather Notebook,Stationery,600,Completed
10061,37,2025-12-17 00:00:00,Noise Cancelling Headphones,Electronics,8500,Completed
10062,37,2026-01-03 00:00:00,Gel Pen Pack of 10,Stationery,250,Completed
10063,38,2026-05-15 00:00:00,Ergonomic Office Chair,Furniture,12500,Completed
10064,40,2026-02-01 00:00:00,Wireless Mouse,Electronics,1200,Completed
10065,40,2026-03-06 00:00:00,Gel Pen Pack of 10,Stationery,750,Completed
10066,40,2026-04-30 00:00:00,Yoga Mat,Fitness,3000,Completed
10067,42,2025-12-01 00:00:00,Noise Cancelling Headphones,Electronics,8500,Completed
10068,42,2025-12-26 00:00:00,Ergonomic Office Chair,Furniture,12500,Completed
10069,42,2026-01-23 00:00:00,Noise Cancelling Headphones,Electronics,17000,Completed
10070,42,2026-02-02 00:00:00,Gel Pen Pack of 10,Stationery,250,Completed
10071,43,2026-05-08 00:00:00,Yoga Mat,Fitness,3000,Completed
10072,43,2026-05-20 00:00:00,Mechanical Keyboard,Electronics,9000,Completed
10073,45,2026-02-24 00:00:00,Gel Pen Pack of 10,Stationery,500,Completed
10074,45,2026-03-07 00:00:00,Resistance Bands Set,Fitness,1900,Completed
10075,45,2026-04-21 00:00:00,Gel Pen Pack of 10,Stationery,250,Completed
10076,46,2025-12-19 00:00:00,Mechanical Keyboard,Electronics,9000,Completed
10077,46,2026-01-30 00:00:00,Yoga Mat,Fitness,3000,Completed
10078,47,2026-02-23 00:00:00,LED Desk Lamp,Furniture,4400,Completed
10079,47,2026-03-19 00:00:00,Gel Pen Pack of 10,Stationery,750,Completed
10080,47,2026-05-08 00:00:00,Gel Pen Pack of 10,Stationery,250,Completed
10081,48,2026-01-30 00:00:00,Noise Cancelling Headphones,Electronics,17000,Completed
10082,48,2026-03-05 00:00:00,Noise Cancelling Headphones,Electronics,8500,Completed
10083,48,2026-05-04 00:00:00,Gel Pen Pack of 10,Stationery,250,Completed
10084,48,2026-05-18 00:00:00,Gel Pen Pack of 10,Stationery,250,Completed
10085,49,2026-05-01 00:00:00,Wireless Mouse,Electronics,1200,Completed
10086,50,2026-01-18 00:00:00,Mechanical Keyboard,Electronics,9000,Completed
10087,50,2026-02-08 00:00:00,Leather Notebook,Stationery,1800,Completed
10088,50,2026-04-04 00:00:00,Water Bottle 1L,Fitness,2400,Completed
10089,50,2026-05-12 00:00:00,Wireless Mouse,Electronics,3600,Completed
10090,51,2025-12-08 00:00:00,Yoga Mat,Fitness,3000,Completed
10091,51,2026-01-19 00:00:00,Ergonomic Office Chair,Furniture,37500,Returned
10092,52,2026-04-30 00:00:00,Wireless Mouse,Electronics,1200,Completed
10093,52,2026-05-18 00:00:00,Leather Notebook,Stationery,600,Completed
10094,53,2025-12-17 00:00:00,Ergonomic Office Chair,Furniture,25000,Completed
10095,53,2026-01-31 00:00:00,Yoga Mat,Fitness,4500,Completed
10096,53,2026-02-16 00:00:00,Noise Cancelling Headphones,Electronics,8500,Completed
10097,53,2026-03-01 00:00:00,Yoga Mat,Fitness,4500,Completed
10098,53,2026-04-27 00:00:00,Mechanical Keyboard,Electronics,4500,Completed
10099,54,2026-04-06 00:00:00,Ergonomic Office Chair,Furniture,25000,Completed
10100,54,2026-04-22 00:00:00,Resistance Bands Set,Fitness,950,Completed
10101,55,2026-01-24 00:00:00,Ergonomic Office Chair,Furniture,25000,Completed
10102,55,2026-03-23 00:00:00,Resistance Bands Set,Fitness,950,Completed
10103,55,2026-05-20 00:00:00,LED Desk Lamp,Furniture,2200,Completed
10104,56,2026-01-30 00:00:00,Wireless Mouse,Electronics,2400,Completed
10105,56,2026-03-20 00:00:00,Wireless Mouse,Electronics,2400,Completed
10106,56,2026-04-06 00:00:00,LED Desk Lamp,Furniture,2200,Completed
10107,56,2026-05-05 00:00:00,LED Desk Lamp,Furniture,4400,Completed
10108,57,2026-04-09 00:00:00,Resistance Bands Set,Fitness,950,Completed
10109,57,2026-06-01 00:00:00,Noise Cancelling Headphones,Electronics,17000,Completed
10110,58,2026-05-10 00:00:00,Gel Pen Pack of 10,Stationery,250,Completed
10111,59,2025-12-13 00:00:00,Wireless Mouse,Electronics,2400,Completed
10112,61,2026-05-03 00:00:00,Ergonomic Office Chair,Furniture,12500,Returned
10113,61,2026-06-01 00:00:00,Gel Pen Pack of 10,Stationery,250,Completed
10114,62,2026-03-15 00:00:00,Yoga Mat,Fitness,1500,Completed
10115,62,2026-04-29 00:00:00,LED Desk Lamp,Furniture,2200,Completed
10116,63,2026-02-27 00:00:00,LED Desk Lamp,Furniture,4400,Completed
10117,63,2026-04-23 00:00:00,Wireless Mouse,Electronics,1200,Completed
10118,64,2026-02-27 00:00:00,Ergonomic Office Chair,Furniture,12500,Completed
10119,64,2026-03-18 00:00:00,Ergonomic Office Chair,Furniture,37500,Completed
10120,65,2026-01-17 00:00:00,Yoga Mat,Fitness,3000,Completed
10121,65,2026-03-09 00:00:00,Leather Notebook,Stationery,1200,Completed
10122,65,2026-04-20 00:00:00,Noise Cancelling Headphones,Electronics,25500,Completed
10123,66,2025-12-31 00:00:00,Wireless Mouse,Electronics,2400,Completed
10124,66,2026-01-23 00:00:00,Gel Pen Pack of 10,Stationery,250,Completed
10125,66,2026-02-04 00:00:00,Wireless Mouse,Electronics,1200,Completed
10126,67,2026-01-28 00:00:00,Resistance Bands Set,Fitness,1900,Completed
10127,67,2026-03-23 00:00:00,Ergonomic Office Chair,Furniture,37500,Completed
10128,67,2026-05-05 00:00:00,Mechanical Keyboard,Electronics,13500,Completed
10129,68,2026-01-02 00:00:00,Gel Pen Pack of 10,Stationery,250,Completed
10130,68,2026-02-25 00:00:00,Leather Notebook,Stationery,1200,Completed
10131,69,2026-02-07 00:00:00,Ergonomic Office Chair,Furniture,12500,Completed
10132,69,2026-03-20 00:00:00,Gel Pen Pack of 10,Stationery,500,Completed
10133,69,2026-05-13 00:00:00,Ergonomic Office Chair,Furniture,25000,Completed
10134,70,2026-05-25 00:00:00,Leather Notebook,Stationery,600,Completed
10135,71,2025-12-11 00:00:00,Noise Cancelling Headphones,Electronics,17000,Completed
10136,71,2026-02-08 00:00:00,Resistance Bands Set,Fitness,2850,Completed
10137,71,2026-03-20 00:00:00,Noise Cancelling Headphones,Electronics,25500,Completed
10138,71,2026-04-19 00:00:00,Leather Notebook,Stationery,1200,Completed
10139,71,2026-04-30 00:00:00,Resistance Bands Set,Fitness,1900,Completed
10140,71,2026-05-18 00:00:00,Ergonomic Office Chair,Furniture,12500,Completed
10141,72,2025-12-04 00:00:00,Mechanical Keyboard,Electronics,9000,Completed
10142,72,2025-12-28 00:00:00,Water Bottle 1L,Fitness,800,Completed
10143,72,2026-01-30 00:00:00,Mechanical Keyboard,Electronics,13500,Completed
10144,72,2026-03-12 00:00:00,Mechanical Keyboard,Electronics,13500,Completed
10145,73,2026-05-02 00:00:00,Noise Cancelling Headphones,Electronics,8500,Completed
10146,75,2026-05-23 00:00:00,Ergonomic Office Chair,Furniture,12500,Completed
10147,76,2026-01-10 00:00:00,Gel Pen Pack of 10,Stationery,250,Completed
10148,76,2026-03-04 00:00:00,Ergonomic Office Chair,Furniture,12500,Completed
10149,76,2026-03-27 00:00:00,Gel Pen Pack of 10,Stationery,250,Completed
10150,76,2026-05-17 00:00:00,Yoga Mat,Fitness,3000,Completed
10151,77,2026-04-13 00:00:00,Ergonomic Office Chair,Furniture,25000,Completed
10152,79,2026-03-25 00:00:00,Ergonomic Office Chair,Furniture,12500,Completed
10153,79,2026-04-24 00:00:00,Water Bottle 1L,Fitness,1600,Completed
10154,79,2026-05-10 00:00:00,Mechanical Keyboard,Electronics,4500,Completed
10155,80,2026-01-15 00:00:00,Leather Notebook,Stationery,1200,Completed
10156,80,2026-02-26 00:00:00,Resistance Bands Set,Fitness,950,Completed
10157,81,2026-02-27 00:00:00,Wireless Mouse,Electronics,1200,Completed
10158,81,2026-03-19 00:00:00,Noise Cancelling Headphones,Electronics,17000,Completed
10159,81,2026-04-02 00:00:00,Leather Notebook,Stationery,1200,Completed
10160,81,2026-04-22 00:00:00,Ergonomic Office Chair,Furniture,25000,Completed
10161,82,2026-04-03 00:00:00,Water Bottle 1L,Fitness,800,Completed
10162,83,2026-04-07 00:00:00,Leather Notebook,Stationery,600,Completed
10163,84,2026-01-16 00:00:00,LED Desk Lamp,Furniture,4400,Completed
10164,84,2026-02-15 00:00:00,Gel Pen Pack of 10,Stationery,750,Completed
10165,84,2026-04-07 00:00:00,LED Desk Lamp,Furniture,4400,Completed
10166,84,2026-04-27 00:00:00,LED Desk Lamp,Furniture,6600,Completed
10167,84,2026-05-12 00:00:00,Gel Pen Pack of 10,Stationery,500,Completed
10168,85,2026-02-23 00:00:00,Wireless Mouse,Electronics,1200,Completed
10169,87,2026-03-20 00:00:00,Resistance Bands Set,Fitness,950,Completed
10170,88,2026-01-11 00:00:00,Gel Pen Pack of 10,Stationery,250,Returned
10171,88,2026-03-09 00:00:00,LED Desk Lamp,Furniture,4400,Completed
10172,89,2025-12-28 00:00:00,Resistance Bands Set,Fitness,1900,Completed
10173,89,2026-02-18 00:00:00,Mechanical Keyboard,Electronics,13500,Completed
10174,89,2026-04-11 00:00:00,Mechanical Keyboard,Electronics,9000,Completed
10175,89,2026-05-17 00:00:00,Leather Notebook,Stationery,1800,Completed
10176,91,2026-01-07 00:00:00,Water Bottle 1L,Fitness,1600,Completed
10177,91,2026-02-22 00:00:00,Yoga Mat,Fitness,4500,Completed
10178,91,2026-03-12 00:00:00,Yoga Mat,Fitness,3000,Completed
10179,91,2026-04-07 00:00:00,LED Desk Lamp,Furniture,4400,Completed
10180,91,2026-05-01 00:00:00,Mechanical Keyboard,Electronics,9000,Completed
10181,91,2026-05-19 00:00:00,Gel Pen Pack of 10,Stationery,750,Completed
10182,92,2026-03-13 00:00:00,Noise Cancelling Headphones,Electronics,8500,Completed
10183,92,2026-04-28 00:00:00,Noise Cancelling Headphones,Electronics,25500,Returned
10184,93,2026-05-28 00:00:00,Ergonomic Office Chair,Furniture,25000,Completed
10185,94,2026-03-02 00:00:00,Ergonomic Office Chair,Furniture,12500,Completed
10186,94,2026-03-12 00:00:00,Gel Pen Pack of 10,Stationery,250,Completed
10187,94,2026-04-02 00:00:00,Resistance Bands Set,Fitness,2850,Completed
10188,95,2026-01-18 00:00:00,Ergonomic Office Chair,Furniture,12500,Completed
10189,95,2026-02-16 00:00:00,Gel Pen Pack of 10,Stationery,750,Completed
10190,95,2026-03-13 00:00:00,Yoga Mat,Fitness,3000,Completed
10191,95,2026-05-08 00:00:00,Resistance Bands Set,Fitness,950,Completed
10192,98,2026-05-22 00:00:00,Yoga Mat,Fitness,1500,Completed
10193,99,2026-05-04 00:00:00,Gel Pen Pack of 10,Stationery,500,Completed
10194,100,2026-05-27 00:00:00,Leather Notebook,Stationery,1200,Completed
10195,101,2026-04-16 00:00:00,Noise Cancelling Headphones,Electronics,8500,Completed
10196,101,2026-05-17 00:00:00,Ergonomic Office Chair,Furniture,25000,Returned
10197,103,2026-03-14 00:00:00,Noise Cancelling Headphones,Electronics,8500,Completed
10198,103,2026-05-05 00:00:00,Mechanical Keyboard,Electronics,9000,Completed
10199,104,2026-02-09 00:00:00,Water Bottle 1L,Fitness,1600,Completed
10200,104,2026-04-01 00:00:00,Gel Pen Pack of 10,Stationery,250,Completed
10201,104,2026-05-04 00:00:00,Noise Cancelling Headphones,Electronics,17000,Completed
10202,105,2025-12-20 00:00:00,Noise Cancelling Headphones,Electronics,8500,Completed
10203,107,2026-04-17 00:00:00,Leather Notebook,Stationery,600,Completed
10204,109,2026-04-05 00:00:00,Mechanical Keyboard,Electronics,9000,Completed
10205,109,2026-05-22 00:00:00,Noise Cancelling Headphones,Electronics,17000,Completed
10206,113,2026-04-15 00:00:00,Gel Pen Pack of 10,Stationery,250,Completed
10207,114,2026-03-07 00:00:00,Ergonomic Office Chair,Furniture,12500,Returned
10208,114,2026-05-04 00:00:00,Resistance Bands Set,Fitness,2850,Completed
10209,115,2026-03-15 00:00:00,Wireless Mouse,Electronics,2400,Completed
10210,115,2026-05-13 00:00:00,Leather Notebook,Stationery,1800,Completed
10211,116,2026-05-16 00:00:00,LED Desk Lamp,Furniture,2200,Completed
10212,118,2025-12-31 00:00:00,LED Desk Lamp,Furniture,2200,Completed
10213,118,2026-01-14 00:00:00,Ergonomic Office Chair,Furniture,12500,Completed
10214,118,2026-02-13 00:00:00,Ergonomic Office Chair,Furniture,12500,Completed
10215,118,2026-02-27 00:00:00,Resistance Bands Set,Fitness,1900,Completed
10216,120,2026-05-09 00:00:00,Yoga Mat,Fitness,3000,Completed
10217,121,2025-12-12 00:00:00,Resistance Bands Set,Fitness,950,Completed
10218,121,2025-12-24 00:00:00,Noise Cancelling Headphones,Electronics,8500,Completed
10219,121,2026-01-23 00:00:00,Gel Pen Pack of 10,Stationery,750,Completed
10220,122,2026-01-25 00:00:00,LED Desk Lamp,Furniture,4400,Completed
10221,122,2026-02-26 00:00:00,Ergonomic Office Chair,Furniture,37500,Completed
10222,122,2026-03-21 00:00:00,Ergonomic Office Chair,Furniture,12500,Completed
10223,123,2026-03-18 00:00:00,LED Desk Lamp,Furniture,4400,Completed
10224,123,2026-04-03 00:00:00,Mechanical Keyboard,Electronics,9000,Completed
10225,123,2026-04-29 00:00:00,Gel Pen Pack of 10,Stationery,500,Completed
10226,124,2026-03-16 00:00:00,Resistance Bands Set,Fitness,1900,Completed
10227,124,2026-04-22 00:00:00,Gel Pen Pack of 10,Stationery,500,Returned
10228,125,2026-01-04 00:00:00,Water Bottle 1L,Fitness,800,Completed
10229,125,2026-01-15 00:00:00,Resistance Bands Set,Fitness,1900,Completed
10230,125,2026-02-20 00:00:00,LED Desk Lamp,Furniture,6600,Completed
10231,126,2026-01-24 00:00:00,Wireless Mouse,Electronics,2400,Completed
10232,126,2026-02-07 00:00:00,Resistance Bands Set,Fitness,950,Completed
10233,126,2026-02-26 00:00:00,Gel Pen Pack of 10,Stationery,500,Completed
10234,126,2026-03-09 00:00:00,Yoga Mat,Fitness,4500,Completed
10235,128,2025-12-31 00:00:00,Wireless Mouse,Electronics,1200,Completed
10236,128,2026-02-04 00:00:00,LED Desk Lamp,Furniture,2200,Completed
10237,128,2026-02-19 00:00:00,Gel Pen Pack of 10,Stationery,750,Completed
10238,128,2026-03-30 00:00:00,Noise Cancelling Headphones,Electronics,17000,Completed
10239,128,2026-05-18 00:00:00,Water Bottle 1L,Fitness,800,Completed
10240,129,2026-01-27 00:00:00,Water Bottle 1L,Fitness,800,Completed
10241,129,2026-03-01 00:00:00,Mechanical Keyboard,Electronics,4500,Completed
10242,129,2026-04-10 00:00:00,Leather Notebook,Stationery,600,Completed
10243,131,2026-05-14 00:00:00,Noise Cancelling Headphones,Electronics,8500,Completed
10244,131,2026-05-31 00:00:00,Leather Notebook,Stationery,1200,Completed
10245,132,2026-01-26 00:00:00,LED Desk Lamp,Furniture,4400,Completed
10246,132,2026-03-25 00:00:00,Noise Cancelling Headphones,Electronics,8500,Completed
10247,132,2026-04-21 00:00:00,Leather Notebook,Stationery,1200,Completed
10248,133,2026-05-16 00:00:00,Gel Pen Pack of 10,Stationery,500,Completed
10249,134,2026-03-20 00:00:00,Resistance Bands Set,Fitness,950,Completed
10250,135,2026-03-30 00:00:00,Gel Pen Pack of 10,Stationery,250,Completed
10251,136,2025-12-28 00:00:00,Gel Pen Pack of 10,Stationery,250,Completed
10252,136,2026-01-12 00:00:00,Resistance Bands Set,Fitness,2850,Completed
10253,136,2026-01-24 00:00:00,Ergonomic Office Chair,Furniture,25000,Completed
10254,136,2026-02-07 00:00:00,Yoga Mat,Fitness,1500,Completed
10255,136,2026-03-20 00:00:00,Wireless Mouse,Electronics,1200,Completed
10256,138,2026-02-14 00:00:00,Resistance Bands Set,Fitness,1900,Completed
10257,138,2026-03-10 00:00:00,Mechanical Keyboard,Electronics,13500,Completed
10258,138,2026-04-02 00:00:00,Resistance Bands Set,Fitness,950,Completed
10259,138,2026-05-28 00:00:00,Leather Notebook,Stationery,1800,Completed
10260,139,2026-05-28 00:00:00,Mechanical Keyboard,Electronics,9000,Completed
10261,141,2026-05-02 00:00:00,Yoga Mat,Fitness,1500,Completed
10262,142,2025-12-27 00:00:00,Yoga Mat,Fitness,3000,Completed
10263,142,2026-02-07 00:00:00,Mechanical Keyboard,Electronics,4500,Completed
10264,142,2026-03-22 00:00:00,Ergonomic Office Chair,Furniture,37500,Completed
10265,142,2026-04-07 00:00:00,Wireless Mouse,Electronics,1200,Completed
10266,142,2026-05-30 00:00:00,Resistance Bands Set,Fitness,1900,Completed
10267,144,2026-01-16 00:00:00,Leather Notebook,Stationery,1200,Completed
10268,144,2026-01-29 00:00:00,Mechanical Keyboard,Electronics,13500,Completed
10269,144,2026-02-09 00:00:00,Yoga Mat,Fitness,1500,Completed
10270,144,2026-03-31 00:00:00,Yoga Mat,Fitness,1500,Completed
10271,145,2025-12-29 00:00:00,Water Bottle 1L,Fitness,800,Completed
10272,146,2026-03-12 00:00:00,Yoga Mat,Fitness,3000,Completed
10273,147,2026-03-27 00:00:00,Gel Pen Pack of 10,Stationery,500,Completed
10274,147,2026-05-19 00:00:00,Wireless Mouse,Electronics,2400,Completed
10275,148,2026-05-05 00:00:00,Water Bottle 1L,Fitness,1600,Completed
10276,149,2026-05-06 00:00:00,Ergonomic Office Chair,Furniture,25000,Returned
10277,150,2026-01-03 00:00:00,Wireless Mouse,Electronics,1200,Completed
10278,150,2026-02-05 00:00:00,LED Desk Lamp,Furniture,6600,Completed
10279,152,2026-04-30 00:00:00,Gel Pen Pack of 10,Stationery,250,Completed
10280,153,2025-12-05 00:00:00,Wireless Mouse,Electronics,2400,Completed
10281,155,2026-01-11 00:00:00,Resistance Bands Set,Fitness,950,Completed
10282,155,2026-02-21 00:00:00,Ergonomic Office Chair,Furniture,37500,Completed
10283,155,2026-04-03 00:00:00,Resistance Bands Set,Fitness,1900,Completed
10284,155,2026-05-11 00:00:00,Wireless Mouse,Electronics,2400,Completed
10285,157,2026-02-02 00:00:00,Noise Cancelling Headphones,Electronics,17000,Completed
10286,158,2026-01-08 00:00:00,Gel Pen Pack of 10,Stationery,500,Completed
10287,158,2026-02-15 00:00:00,Leather Notebook,Stationery,1800,Completed
10288,158,2026-04-09 00:00:00,Leather Notebook,Stationery,1800,Completed
10289,158,2026-05-16 00:00:00,Noise Cancelling Headphones,Electronics,25500,Completed
10290,160,2026-02-07 00:00:00,Water Bottle 1L,Fitness,800,Completed
10291,161,2026-01-01 00:00:00,Resistance Bands Set,Fitness,950,Completed
10292,161,2026-02-16 00:00:00,Noise Cancelling Headphones,Electronics,8500,Completed
10293,162,2026-04-20 00:00:00,Wireless Mouse,Electronics,1200,Completed
10294,163,2026-04-19 00:00:00,LED Desk Lamp,Furniture,2200,Completed
10295,163,2026-05-18 00:00:00,Resistance Bands Set,Fitness,2850,Completed
10296,164,2025-12-14 00:00:00,Gel Pen Pack of 10,Stationery,250,Completed
10297,164,2025-12-27 00:00:00,Yoga Mat,Fitness,4500,Completed
10298,164,2026-01-07 00:00:00,Wireless Mouse,Electronics,2400,Completed
10299,164,2026-01-17 00:00:00,Resistance Bands Set,Fitness,950,Completed
10300,165,2025-12-20 00:00:00,Resistance Bands Set,Fitness,1900,Completed
10301,165,2026-01-11 00:00:00,Leather Notebook,Stationery,1800,Completed
10302,165,2026-01-27 00:00:00,Ergonomic Office Chair,Furniture,25000,Completed
10303,166,2026-04-24 00:00:00,Gel Pen Pack of 10,Stationery,250,Completed
10304,168,2026-02-01 00:00:00,Ergonomic Office Chair,Furniture,25000,Completed
10305,169,2026-03-04 00:00:00,Gel Pen Pack of 10,Stationery,250,Completed
10306,169,2026-04-30 00:00:00,Water Bottle 1L,Fitness,1600,Completed
10307,169,2026-05-29 00:00:00,Resistance Bands Set,Fitness,2850,Completed
10308,170,2025-12-07 00:00:00,Resistance Bands Set,Fitness,950,Completed
10309,170,2026-02-02 00:00:00,LED Desk Lamp,Furniture,2200,Completed
10310,170,2026-03-06 00:00:00,Gel Pen Pack of 10,Stationery,750,Completed
10311,170,2026-04-06 00:00:00,Water Bottle 1L,Fitness,1600,Completed
10312,171,2026-03-05 00:00:00,LED Desk Lamp,Furniture,2200,Completed
10313,171,2026-04-11 00:00:00,Yoga Mat,Fitness,1500,Completed
10314,172,2026-03-28 00:00:00,Leather Notebook,Stationery,1200,Completed
10315,172,2026-05-26 00:00:00,Gel Pen Pack of 10,Stationery,750,Completed
10316,174,2026-03-15 00:00:00,Ergonomic Office Chair,Furniture,25000,Completed
10317,174,2026-04-28 00:00:00,Yoga Mat,Fitness,4500,Completed
10318,175,2026-05-18 00:00:00,Ergonomic Office Chair,Furniture,25000,Completed
10319,176,2026-01-29 00:00:00,Gel Pen Pack of 10,Stationery,250,Completed
10320,176,2026-03-07 00:00:00,Noise Cancelling Headphones,Electronics,17000,Completed
10321,176,2026-04-24 00:00:00,Noise Cancelling Headphones,Electronics,8500,Completed
10322,177,2026-02-10 00:00:00,Water Bottle 1L,Fitness,800,Completed
10323,177,2026-03-08 00:00:00,Ergonomic Office Chair,Furniture,37500,Completed
10324,178,2026-02-10 00:00:00,Ergonomic Office Chair,Furniture,25000,Completed
10325,178,2026-03-28 00:00:00,Leather Notebook,Stationery,600,Completed
10326,179,2026-01-12 00:00:00,Gel Pen Pack of 10,Stationery,250,Completed
10327,179,2026-02-24 00:00:00,Resistance Bands Set,Fitness,950,Completed
10328,183,2025-12-29 00:00:00,LED Desk Lamp,Furniture,4400,Completed
10329,183,2026-01-28 00:00:00,Leather Notebook,Stationery,1200,Completed
10330,183,2026-02-09 00:00:00,Resistance Bands Set,Fitness,950,Completed
10331,183,2026-03-13 00:00:00,Yoga Mat,Fitness,3000,Completed
10332,184,2026-02-11 00:00:00,Resistance Bands Set,Fitness,1900,Completed
10333,184,2026-02-22 00:00:00,Leather Notebook,Stationery,1800,Completed
10334,184,2026-03-26 00:00:00,LED Desk Lamp,Furniture,6600,Returned
10335,184,2026-04-16 00:00:00,Leather Notebook,Stationery,1800,Completed
10336,185,2026-05-09 00:00:00,Ergonomic Office Chair,Furniture,25000,Completed
10337,185,2026-05-27 00:00:00,Water Bottle 1L,Fitness,2400,Completed
10338,186,2026-04-08 00:00:00,Water Bottle 1L,Fitness,800,Completed
10339,187,2025-12-31 00:00:00,Water Bottle 1L,Fitness,1600,Completed
10340,189,2026-01-12 00:00:00,Gel Pen Pack of 10,Stationery,500,Completed
10341,189,2026-02-01 00:00:00,Noise Cancelling Headphones,Electronics,8500,Completed
10342,189,2026-02-27 00:00:00,Water Bottle 1L,Fitness,800,Completed
10343,189,2026-04-09 00:00:00,Leather Notebook,Stationery,600,Completed
10344,191,2026-05-17 00:00:00,Leather Notebook,Stationery,600,Completed
10345,192,2026-02-02 00:00:00,Yoga Mat,Fitness,3000,Completed
10346,192,2026-02-18 00:00:00,Ergonomic Office Chair,Furniture,25000,Completed
10347,193,2026-02-28 00:00:00,Water Bottle 1L,Fitness,1600,Completed
10348,193,2026-03-17 00:00:00,Wireless Mouse,Electronics,1200,Completed
10349,193,2026-05-04 00:00:00,LED Desk Lamp,Furniture,2200,Returned
10350,194,2025-12-05 00:00:00,Noise Cancelling Headphones,Electronics,17000,Completed
10351,195,2025-12-08 00:00:00,LED Desk Lamp,Furniture,4400,Completed
10352,195,2026-01-01 00:00:00,Wireless Mouse,Electronics,1200,Completed
10353,198,2026-05-07 00:00:00,LED Desk Lamp,Furniture,4400,Completed
10354,198,2026-05-26 00:00:00,Resistance Bands Set,Fitness,950,Completed
10355,199,2026-04-22 00:00:00,Water Bottle 1L,Fitness,1600,Completed
10356,200,2026-05-28 00:00:00,Wireless Mouse,Electronics,1200,Completed
10357,202,2026-05-10 00:00:00,Leather Notebook,Stationery,600,Completed
10358,203,2026-04-12 00:00:00,Leather Notebook,Stationery,1200,Completed
10359,203,2026-04-28 00:00:00,LED Desk Lamp,Furniture,4400,Completed
10360,204,2026-05-22 00:00:00,Water Bottle 1L,Fitness,800,Completed
10361,206,2026-01-27 00:00:00,Gel Pen Pack of 10,Stationery,250,Completed
10362,206,2026-02-22 00:00:00,Gel Pen Pack of 10,Stationery,750,Completed
10363,211,2026-02-23 00:00:00,Gel Pen Pack of 10,Stationery,500,Completed
10364,211,2026-04-15 00:00:00,Yoga Mat,Fitness,1500,Completed
10365,212,2026-03-22 00:00:00,Leather Notebook,Stationery,1200,Completed
10366,212,2026-04-26 00:00:00,Ergonomic Office Chair,Furniture,37500,Completed
10367,213,2026-02-06 00:00:00,Wireless Mouse,Electronics,1200,Completed
10368,213,2026-03-25 00:00:00,Water Bottle 1L,Fitness,2400,Completed
10369,213,2026-04-08 00:00:00,Ergonomic Office Chair,Furniture,25000,Completed
10370,214,2026-05-02 00:00:00,Mechanical Keyboard,Electronics,4500,Completed
10371,215,2026-03-21 00:00:00,Wireless Mouse,Electronics,2400,Completed
10372,215,2026-03-31 00:00:00,Resistance Bands Set,Fitness,1900,Completed
10373,215,2026-04-24 00:00:00,Noise Cancelling Headphones,Electronics,17000,Returned
10374,216,2026-03-05 00:00:00,Leather Notebook,Stationery,1200,Completed
10375,216,2026-03-21 00:00:00,Water Bottle 1L,Fitness,1600,Completed
10376,216,2026-05-11 00:00:00,Ergonomic Office Chair,Furniture,25000,Completed
10377,217,2026-02-17 00:00:00,Yoga Mat,Fitness,3000,Returned
10378,217,2026-04-01 00:00:00,Mechanical Keyboard,Electronics,13500,Completed
10379,217,2026-05-21 00:00:00,Leather Notebook,Stationery,1200,Completed
10380,218,2026-01-31 00:00:00,Gel Pen Pack of 10,Stationery,250,Completed
10381,218,2026-03-14 00:00:00,LED Desk Lamp,Furniture,4400,Completed
10382,218,2026-04-06 00:00:00,Resistance Bands Set,Fitness,2850,Completed
10383,219,2026-04-03 00:00:00,Gel Pen Pack of 10,Stationery,500,Completed
10384,219,2026-04-14 00:00:00,Resistance Bands Set,Fitness,950,Completed
10385,220,2026-03-28 00:00:00,LED Desk Lamp,Furniture,4400,Completed
10386,220,2026-05-11 00:00:00,Yoga Mat,Fitness,1500,Completed
10387,221,2025-12-04 00:00:00,Resistance Bands Set,Fitness,950,Completed
10388,221,2026-01-30 00:00:00,Yoga Mat,Fitness,3000,Completed
10389,223,2025-12-07 00:00:00,Yoga Mat,Fitness,1500,Completed
10390,224,2026-05-28 00:00:00,Mechanical Keyboard,Electronics,4500,Completed
10391,225,2026-03-14 00:00:00,Gel Pen Pack of 10,Stationery,500,Completed
10392,225,2026-04-08 00:00:00,Mechanical Keyboard,Electronics,13500,Completed
10393,225,2026-04-26 00:00:00,Water Bottle 1L,Fitness,2400,Completed
10394,225,2026-05-14 00:00:00,Water Bottle 1L,Fitness,2400,Completed
10395,226,2026-02-28 00:00:00,Water Bottle 1L,Fitness,1600,Returned
10396,227,2026-01-03 00:00:00,Noise Cancelling Headphones,Electronics,8500,Completed
10397,227,2026-03-01 00:00:00,Ergonomic Office Chair,Furniture,12500,Completed
10398,227,2026-04-02 00:00:00,Ergonomic Office Chair,Furniture,25000,Completed
10399,227,2026-04-14 00:00:00,Gel Pen Pack of 10,Stationery,750,Completed
10400,227,2026-05-03 00:00:00,LED Desk Lamp,Furniture,6600,Returned
10401,228,2026-01-01 00:00:00,Resistance Bands Set,Fitness,950,Completed
10402,229,2026-04-02 00:00:00,Leather Notebook,Stationery,600,Completed
10403,229,2026-04-13 00:00:00,Leather Notebook,Stationery,1800,Returned
10404,231,2026-04-05 00:00:00,Yoga Mat,Fitness,3000,Completed
10405,231,2026-05-30 00:00:00,Noise Cancelling Headphones,Electronics,17000,Completed
10406,232,2026-04-14 00:00:00,Water Bottle 1L,Fitness,800,Completed
10407,233,2026-03-02 00:00:00,LED Desk Lamp,Furniture,2200,Completed
10408,233,2026-03-29 00:00:00,Water Bottle 1L,Fitness,1600,Completed
10409,233,2026-04-24 00:00:00,LED Desk Lamp,Furniture,2200,Completed
10410,235,2026-03-09 00:00:00,Wireless Mouse,Electronics,2400,Completed
10411,235,2026-05-02 00:00:00,Mechanical Keyboard,Electronics,4500,Completed
10412,236,2026-02-25 00:00:00,Water Bottle 1L,Fitness,800,Completed
10413,236,2026-04-04 00:00:00,Mechanical Keyboard,Electronics,9000,Completed
10414,237,2026-05-16 00:00:00,Resistance Bands Set,Fitness,950,Completed
10415,238,2026-01-13 00:00:00,Yoga Mat,Fitness,1500,Completed
10416,238,2026-03-13 00:00:00,Noise Cancelling Headphones,Electronics,8500,Completed
10417,238,2026-04-18 00:00:00,Ergonomic Office Chair,Furniture,37500,Completed
10418,238,2026-05-17 00:00:00,Gel Pen Pack of 10,Stationery,500,Completed
10419,239,2025-12-30 00:00:00,Gel Pen Pack of 10,Stationery,500,Completed
10420,239,2026-01-14 00:00:00,Resistance Bands Set,Fitness,950,Completed
10421,239,2026-02-15 00:00:00,Gel Pen Pack of 10,Stationery,250,Completed
10422,239,2026-03-13 00:00:00,Gel Pen Pack of 10,Stationery,500,Completed
10423,240,2026-01-18 00:00:00,Gel Pen Pack of 10,Stationery,500,Completed
10424,240,2026-02-04 00:00:00,LED Desk Lamp,Furniture,6600,Completed
10425,242,2026-05-28 00:00:00,LED Desk Lamp,Furniture,2200,Completed
10426,244,2026-04-14 00:00:00,Mechanical Keyboard,Electronics,9000,Completed
10427,244,2026-05-12 00:00:00,Mechanical Keyboard,Electronics,9000,Completed
10428,245,2026-04-06 00:00:00,Wireless Mouse,Electronics,2400,Completed
10429,245,2026-04-26 00:00:00,Leather Notebook,Stationery,1200,Completed
10430,245,2026-05-21 00:00:00,Ergonomic Office Chair,Furniture,37500,Completed
10431,246,2026-02-15 00:00:00,Yoga Mat,Fitness,3000,Completed
10432,246,2026-04-09 00:00:00,Ergonomic Office Chair,Furniture,25000,Completed
10433,246,2026-06-01 00:00:00,LED Desk Lamp,Furniture,4400,Completed
10434,247,2026-01-12 00:00:00,Yoga Mat,Fitness,1500,Completed
10435,247,2026-01-30 00:00:00,Wireless Mouse,Electronics,3600,Completed
10436,247,2026-03-27 00:00:00,Water Bottle 1L,Fitness,2400,Completed
10437,247,2026-05-12 00:00:00,Water Bottle 1L,Fitness,1600,Completed
10438,249,2026-01-29 00:00:00,Noise Cancelling Headphones,Electronics,8500,Completed
10439,251,2026-01-15 00:00:00,Gel Pen Pack of 10,Stationery,500,Completed
10440,251,2026-03-14 00:00:00,Leather Notebook,Stationery,600,Completed
10441,251,2026-04-16 00:00:00,Water Bottle 1L,Fitness,2400,Completed
10442,251,2026-05-08 00:00:00,Leather Notebook,Stationery,600,Completed
10443,252,2026-01-15 00:00:00,Resistance Bands Set,Fitness,1900,Completed
10444,252,2026-02-26 00:00:00,Leather Notebook,Stationery,600,Completed
10445,253,2026-02-16 00:00:00,Mechanical Keyboard,Electronics,9000,Returned
10446,253,2026-04-15 00:00:00,Yoga Mat,Fitness,1500,Completed
10447,253,2026-05-01 00:00:00,Water Bottle 1L,Fitness,2400,Completed
10448,253,2026-05-15 00:00:00,Gel Pen Pack of 10,Stationery,250,Completed
10449,254,2026-04-04 00:00:00,Noise Cancelling Headphones,Electronics,17000,Completed
10450,254,2026-05-25 00:00:00,Gel Pen Pack of 10,Stationery,500,Completed
10451,255,2026-03-10 00:00:00,Ergonomic Office Chair,Furniture,25000,Completed
10452,255,2026-04-29 00:00:00,Wireless Mouse,Electronics,3600,Completed
10453,256,2026-05-12 00:00:00,Wireless Mouse,Electronics,2400,Completed
10454,257,2026-01-17 00:00:00,Mechanical Keyboard,Electronics,4500,Completed
10455,257,2026-03-14 00:00:00,LED Desk Lamp,Furniture,4400,Completed
10456,257,2026-04-25 00:00:00,Gel Pen Pack of 10,Stationery,500,Completed
10457,258,2026-01-22 00:00:00,Leather Notebook,Stationery,600,Completed
10458,258,2026-02-15 00:00:00,Ergonomic Office Chair,Furniture,25000,Completed
10459,258,2026-04-07 00:00:00,Wireless Mouse,Electronics,2400,Completed
10460,258,2026-06-01 00:00:00,Wireless Mouse,Electronics,2400,Completed
10461,259,2026-03-05 00:00:00,Leather Notebook,Stationery,1200,Completed
10462,259,2026-05-03 00:00:00,LED Desk Lamp,Furniture,2200,Completed
10463,260,2026-03-19 00:00:00,Gel Pen Pack of 10,Stationery,500,Completed
10464,260,2026-04-09 00:00:00,Wireless Mouse,Electronics,1200,Completed
10465,260,2026-04-23 00:00:00,Ergonomic Office Chair,Furniture,25000,Completed
10466,262,2026-05-20 00:00:00,Wireless Mouse,Electronics,2400,Completed
10467,263,2026-03-09 00:00:00,Mechanical Keyboard,Electronics,9000,Completed
10468,263,2026-04-21 00:00:00,Gel Pen Pack of 10,Stationery,250,Completed
10469,263,2026-05-11 00:00:00,Water Bottle 1L,Fitness,1600,Completed
10470,264,2026-04-11 00:00:00,Leather Notebook,Stationery,600,Completed
10471,264,2026-05-20 00:00:00,Noise Cancelling Headphones,Electronics,17000,Completed
10472,265,2026-03-31 00:00:00,Mechanical Keyboard,Electronics,4500,Completed
10473,265,2026-04-21 00:00:00,Noise Cancelling Headphones,Electronics,17000,Completed
10474,265,2026-05-23 00:00:00,Water Bottle 1L,Fitness,800,Completed
10475,266,2026-05-24 00:00:00,Mechanical Keyboard,Electronics,9000,Completed
10476,267,2026-01-19 00:00:00,Leather Notebook,Stationery,600,Completed
10477,267,2026-02-16 00:00:00,LED Desk Lamp,Furniture,6600,Completed
10478,268,2026-01-28 00:00:00,Leather Notebook,Stationery,1200,Completed
10479,268,2026-02-13 00:00:00,LED Desk Lamp,Furniture,4400,Completed
10480,268,2026-04-11 00:00:00,Yoga Mat,Fitness,1500,Completed
10481,268,2026-06-01 00:00:00,LED Desk Lamp,Furniture,6600,Completed
10482,269,2026-01-09 00:00:00,Resistance Bands Set,Fitness,950,Completed
10483,269,2026-01-23 00:00:00,Water Bottle 1L,Fitness,800,Completed
10484,269,2026-02-26 00:00:00,Water Bottle 1L,Fitness,800,Completed
10485,270,2026-05-17 00:00:00,Noise Cancelling Headphones,Electronics,17000,Completed
10486,271,2026-03-29 00:00:00,Wireless Mouse,Electronics,1200,Completed
10487,271,2026-05-10 00:00:00,Water Bottle 1L,Fitness,800,Completed
10488,273,2026-02-14 00:00:00,LED Desk Lamp,Furniture,4400,Completed
10489,273,2026-03-06 00:00:00,Wireless Mouse,Electronics,2400,Completed
10490,273,2026-04-15 00:00:00,Leather Notebook,Stationery,1200,Completed
10491,274,2026-05-02 00:00:00,Resistance Bands Set,Fitness,950,Completed
10492,275,2025-12-04 00:00:00,Mechanical Keyboard,Electronics,4500,Completed
10493,275,2025-12-26 00:00:00,Noise Cancelling Headphones,Electronics,25500,Completed
10494,275,2026-01-25 00:00:00,Noise Cancelling Headphones,Electronics,25500,Completed
10495,275,2026-02-08 00:00:00,Gel Pen Pack of 10,Stationery,500,Completed
10496,275,2026-04-08 00:00:00,Gel Pen Pack of 10,Stationery,750,Completed
10497,276,2025-12-22 00:00:00,Water Bottle 1L,Fitness,1600,Completed
10498,276,2026-02-17 00:00:00,Water Bottle 1L,Fitness,1600,Completed
10499,278,2026-05-21 00:00:00,Ergonomic Office Chair,Furniture,12500,Completed
10500,279,2026-02-02 00:00:00,LED Desk Lamp,Furniture,4400,Completed
10501,279,2026-02-25 00:00:00,Resistance Bands Set,Fitness,1900,Completed
10502,279,2026-04-25 00:00:00,Mechanical Keyboard,Electronics,9000,Completed
10503,279,2026-05-23 00:00:00,Water Bottle 1L,Fitness,800,Completed
10504,280,2026-03-03 00:00:00,Mechanical Keyboard,Electronics,4500,Completed
10505,281,2026-05-25 00:00:00,Ergonomic Office Chair,Furniture,25000,Completed
10506,282,2026-03-14 00:00:00,Mechanical Keyboard,Electronics,9000,Completed
10507,282,2026-04-28 00:00:00,Noise Cancelling Headphones,Electronics,17000,Completed
10508,282,2026-05-15 00:00:00,Ergonomic Office Chair,Furniture,37500,Completed
10509,284,2025-12-28 00:00:00,Leather Notebook,Stationery,600,Completed
10510,284,2026-02-24 00:00:00,Water Bottle 1L,Fitness,1600,Completed
10511,285,2026-02-19 00:00:00,Wireless Mouse,Electronics,1200,Completed
10512,285,2026-04-04 00:00:00,Gel Pen Pack of 10,Stationery,500,Completed
10513,285,2026-04-17 00:00:00,Leather Notebook,Stationery,1200,Completed
10514,285,2026-05-03 00:00:00,Leather Notebook,Stationery,600,Completed
10515,285,2026-05-19 00:00:00,Mechanical Keyboard,Electronics,13500,Completed
10516,286,2026-01-04 00:00:00,Ergonomic Office Chair,Furniture,25000,Completed
10517,286,2026-01-19 00:00:00,Water Bottle 1L,Fitness,2400,Completed
10518,286,2026-03-17 00:00:00,Mechanical Keyboard,Electronics,13500,Completed
10519,286,2026-03-31 00:00:00,LED Desk Lamp,Furniture,6600,Completed
10520,286,2026-04-14 00:00:00,Water Bottle 1L,Fitness,2400,Completed
10521,286,2026-04-28 00:00:00,LED Desk Lamp,Furniture,2200,Completed
10522,287,2026-04-19 00:00:00,Water Bottle 1L,Fitness,800,Completed
10523,287,2026-05-01 00:00:00,Yoga Mat,Fitness,4500,Completed
10524,288,2026-01-18 00:00:00,Water Bottle 1L,Fitness,800,Completed
10525,288,2026-02-22 00:00:00,Noise Cancelling Headphones,Electronics,8500,Completed
10526,288,2026-04-07 00:00:00,Noise Cancelling Headphones,Electronics,8500,Completed
10527,289,2026-05-22 00:00:00,Yoga Mat,Fitness,3000,Returned
10528,290,2026-05-03 00:00:00,Wireless Mouse,Electronics,2400,Completed
10529,291,2026-03-11 00:00:00,Noise Cancelling Headphones,Electronics,8500,Completed
10530,291,2026-04-10 00:00:00,LED Desk Lamp,Furniture,6600,Completed
10531,291,2026-05-23 00:00:00,Wireless Mouse,Electronics,2400,Completed
10532,292,2026-04-11 00:00:00,Wireless Mouse,Electronics,2400,Completed
10533,292,2026-04-23 00:00:00,LED Desk Lamp,Furniture,6600,Completed
10534,293,2026-01-26 00:00:00,Wireless Mouse,Electronics,2400,Completed
10535,293,2026-03-17 00:00:00,Ergonomic Office Chair,Furniture,12500,Returned
10536,293,2026-04-18 00:00:00,Ergonomic Office Chair,Furniture,12500,Completed
10537,294,2026-02-22 00:00:00,Noise Cancelling Headphones,Electronics,17000,Completed
10538,294,2026-03-14 00:00:00,Gel Pen Pack of 10,Stationery,750,Completed
10539,296,2025-12-27 00:00:00,Wireless Mouse,Electronics,2400,Completed
10540,296,2026-01-06 00:00:00,Ergonomic Office Chair,Furniture,12500,Completed
10541,299,2026-03-12 00:00:00,Resistance Bands Set,Fitness,950,Completed
10542,299,2026-05-06 00:00:00,LED Desk Lamp,Furniture,4400,Completed
10543,300,2025-12-13 00:00:00,LED Desk Lamp,Furniture,4400,Completed
10544,302,2026-04-30 00:00:00,Mechanical Keyboard,Electronics,9000,Completed
10545,303,2026-04-16 00:00:00,LED Desk Lamp,Furniture,2200,Completed
10546,303,2026-04-29 00:00:00,LED Desk Lamp,Furniture,4400,Completed
10547,303,2026-05-10 00:00:00,Gel Pen Pack of 10,Stationery,500,Completed
10548,304,2026-02-22 00:00:00,Resistance Bands Set,Fitness,1900,Completed
10549,304,2026-03-20 00:00:00,Wireless Mouse,Electronics,2400,Completed
10550,304,2026-04-19 00:00:00,Ergonomic Office Chair,Furniture,25000,Completed
10551,304,2026-05-24 00:00:00,Ergonomic Office Chair,Furniture,12500,Completed
10552,305,2026-01-16 00:00:00,Ergonomic Office Chair,Furniture,12500,Completed
10553,305,2026-02-04 00:00:00,LED Desk Lamp,Furniture,6600,Completed
10554,305,2026-03-19 00:00:00,Mechanical Keyboard,Electronics,9000,Completed
10555,306,2025-12-13 00:00:00,Ergonomic Office Chair,Furniture,12500,Returned
10556,306,2026-01-01 00:00:00,Water Bottle 1L,Fitness,800,Completed
10557,307,2026-05-23 00:00:00,Gel Pen Pack of 10,Stationery,500,Completed
10558,308,2026-01-19 00:00:00,LED Desk Lamp,Furniture,4400,Completed
10559,308,2026-02-28 00:00:00,Yoga Mat,Fitness,1500,Completed
10560,311,2026-01-31 00:00:00,Ergonomic Office Chair,Furniture,12500,Completed
10561,311,2026-03-18 00:00:00,Noise Cancelling Headphones,Electronics,25500,Completed
10562,312,2026-01-04 00:00:00,LED Desk Lamp,Furniture,2200,Completed
10563,313,2026-02-20 00:00:00,Resistance Bands Set,Fitness,950,Returned
10564,313,2026-03-03 00:00:00,Wireless Mouse,Electronics,1200,Returned
10565,313,2026-03-17 00:00:00,Noise Cancelling Headphones,Electronics,8500,Completed
10566,314,2026-02-08 00:00:00,Gel Pen Pack of 10,Stationery,500,Completed
10567,314,2026-03-28 00:00:00,Yoga Mat,Fitness,3000,Completed
10568,314,2026-05-16 00:00:00,Wireless Mouse,Electronics,3600,Completed
10569,315,2025-12-13 00:00:00,Wireless Mouse,Electronics,1200,Completed
10570,315,2026-01-06 00:00:00,Wireless Mouse,Electronics,1200,Completed
10571,316,2026-02-04 00:00:00,Ergonomic Office Chair,Furniture,12500,Completed
10572,316,2026-04-02 00:00:00,Wireless Mouse,Electronics,3600,Completed
10573,316,2026-05-13 00:00:00,LED Desk Lamp,Furniture,2200,Completed
10574,318,2025-12-30 00:00:00,Wireless Mouse,Electronics,2400,Completed
10575,318,2026-02-26 00:00:00,Noise Cancelling Headphones,Electronics,17000,Completed
10576,318,2026-04-18 00:00:00,Resistance Bands Set,Fitness,1900,Returned
10577,318,2026-05-26 00:00:00,Ergonomic Office Chair,Furniture,25000,Completed
10578,319,2026-04-30 00:00:00,Ergonomic Office Chair,Furniture,25000,Completed
10579,320,2026-01-17 00:00:00,Water Bottle 1L,Fitness,800,Completed
10580,320,2026-02-17 00:00:00,Resistance Bands Set,Fitness,1900,Completed
10581,320,2026-04-05 00:00:00,Leather Notebook,Stationery,600,Completed
10582,322,2026-02-09 00:00:00,Gel Pen Pack of 10,Stationery,250,Completed
10583,323,2025-12-18 00:00:00,Leather Notebook,Stationery,1200,Completed
10584,324,2026-04-17 00:00:00,Ergonomic Office Chair,Furniture,25000,Completed
10585,324,2026-05-08 00:00:00,Resistance Bands Set,Fitness,1900,Completed
10586,325,2026-04-20 00:00:00,Yoga Mat,Fitness,3000,Completed
10587,325,2026-05-18 00:00:00,Wireless Mouse,Electronics,3600,Completed
10588,326,2026-01-18 00:00:00,Ergonomic Office Chair,Furniture,12500,Completed
10589,326,2026-02-10 00:00:00,Leather Notebook,Stationery,1200,Completed
10590,326,2026-03-26 00:00:00,Yoga Mat,Fitness,1500,Completed
10591,326,2026-05-25 00:00:00,Gel Pen Pack of 10,Stationery,250,Completed
10592,327,2026-05-21 00:00:00,Yoga Mat,Fitness,1500,Completed
10593,328,2026-05-17 00:00:00,Wireless Mouse,Electronics,2400,Completed
10594,332,2026-03-29 00:00:00,Water Bottle 1L,Fitness,1600,Completed
10595,332,2026-04-16 00:00:00,Yoga Mat,Fitness,4500,Completed
10596,333,2026-02-12 00:00:00,Resistance Bands Set,Fitness,950,Completed
10597,333,2026-03-04 00:00:00,Water Bottle 1L,Fitness,1600,Completed
10598,333,2026-03-29 00:00:00,Mechanical Keyboard,Electronics,13500,Completed
10599,333,2026-05-12 00:00:00,Yoga Mat,Fitness,1500,Completed
10600,334,2025-12-21 00:00:00,Mechanical Keyboard,Electronics,4500,Completed
10601,335,2026-03-03 00:00:00,Water Bottle 1L,Fitness,1600,Completed
10602,335,2026-03-26 00:00:00,Yoga Mat,Fitness,3000,Completed
10603,335,2026-05-02 00:00:00,Noise Cancelling Headphones,Electronics,25500,Completed
10604,336,2025-12-31 00:00:00,LED Desk Lamp,Furniture,4400,Completed
10605,336,2026-01-14 00:00:00,Wireless Mouse,Electronics,3600,Completed
10606,337,2026-03-22 00:00:00,LED Desk Lamp,Furniture,2200,Completed
10607,337,2026-04-12 00:00:00,Water Bottle 1L,Fitness,2400,Completed
10608,338,2026-01-28 00:00:00,Gel Pen Pack of 10,Stationery,500,Completed
10609,339,2026-04-24 00:00:00,Gel Pen Pack of 10,Stationery,250,Returned
10610,340,2025-12-08 00:00:00,Noise Cancelling Headphones,Electronics,17000,Completed
10611,340,2026-01-07 00:00:00,Ergonomic Office Chair,Furniture,37500,Completed
10612,340,2026-01-28 00:00:00,Water Bottle 1L,Fitness,1600,Completed
10613,340,2026-03-26 00:00:00,Yoga Mat,Fitness,4500,Completed
10614,340,2026-05-16 00:00:00,Yoga Mat,Fitness,4500,Completed
10615,341,2026-02-24 00:00:00,Wireless Mouse,Electronics,1200,Completed
10616,342,2026-03-20 00:00:00,Noise Cancelling Headphones,Electronics,17000,Completed
10617,342,2026-03-30 00:00:00,Yoga Mat,Fitness,1500,Completed
10618,342,2026-04-11 00:00:00,Resistance Bands Set,Fitness,950,Completed
10619,343,2026-05-03 00:00:00,Ergonomic Office Chair,Furniture,12500,Completed
10620,344,2026-01-16 00:00:00,Resistance Bands Set,Fitness,950,Completed
10621,344,2026-02-16 00:00:00,Gel Pen Pack of 10,Stationery,750,Completed
10622,344,2026-04-01 00:00:00,Water Bottle 1L,Fitness,800,Completed
10623,344,2026-05-02 00:00:00,Mechanical Keyboard,Electronics,4500,Completed
10624,345,2026-04-06 00:00:00,Yoga Mat,Fitness,1500,Returned
10625,345,2026-06-01 00:00:00,Water Bottle 1L,Fitness,800,Completed
10626,347,2025-12-05 00:00:00,LED Desk Lamp,Furniture,2200,Completed
10627,347,2026-01-21 00:00:00,Resistance Bands Set,Fitness,2850,Completed
10628,347,2026-02-17 00:00:00,Ergonomic Office Chair,Furniture,37500,Completed
10629,347,2026-03-09 00:00:00,Leather Notebook,Stationery,1800,Completed
10630,349,2026-03-08 00:00:00,Resistance Bands Set,Fitness,1900,Completed
10631,349,2026-03-20 00:00:00,Gel Pen Pack of 10,Stationery,250,Completed
10632,349,2026-04-16 00:00:00,Noise Cancelling Headphones,Electronics,25500,Returned
10633,351,2026-03-11 00:00:00,Ergonomic Office Chair,Furniture,12500,Completed
10634,351,2026-04-18 00:00:00,Gel Pen Pack of 10,Stationery,250,Completed
10635,351,2026-05-19 00:00:00,Mechanical Keyboard,Electronics,13500,Completed
10636,352,2026-03-10 00:00:00,Ergonomic Office Chair,Furniture,12500,Completed
10637,352,2026-04-01 00:00:00,Noise Cancelling Headphones,Electronics,17000,Completed
10638,352,2026-05-23 00:00:00,Leather Notebook,Stationery,1200,Completed
10639,353,2025-12-27 00:00:00,Water Bottle 1L,Fitness,1600,Completed
10640,354,2026-03-11 00:00:00,Noise Cancelling Headphones,Electronics,17000,Returned
10641,354,2026-03-25 00:00:00,Ergonomic Office Chair,Furniture,37500,Completed
10642,355,2025-12-08 00:00:00,Ergonomic Office Chair,Furniture,25000,Completed
10643,355,2026-01-23 00:00:00,Gel Pen Pack of 10,Stationery,500,Completed
10644,355,2026-03-02 00:00:00,Yoga Mat,Fitness,1500,Completed
10645,356,2026-02-15 00:00:00,Wireless Mouse,Electronics,1200,Completed
10646,356,2026-03-11 00:00:00,Gel Pen Pack of 10,Stationery,250,Completed
10647,356,2026-03-23 00:00:00,Ergonomic Office Chair,Furniture,37500,Completed
10648,356,2026-05-16 00:00:00,Mechanical Keyboard,Electronics,4500,Completed
10649,357,2026-01-09 00:00:00,Gel Pen Pack of 10,Stationery,500,Completed
10650,357,2026-01-27 00:00:00,Leather Notebook,Stationery,1200,Completed
10651,357,2026-03-21 00:00:00,Resistance Bands Set,Fitness,1900,Completed
10652,357,2026-04-10 00:00:00,LED Desk Lamp,Furniture,4400,Completed
10653,359,2026-03-02 00:00:00,Ergonomic Office Chair,Furniture,25000,Completed
10654,359,2026-03-19 00:00:00,Noise Cancelling Headphones,Electronics,25500,Completed
10655,359,2026-04-01 00:00:00,Resistance Bands Set,Fitness,2850,Completed
10656,359,2026-05-18 00:00:00,Ergonomic Office Chair,Furniture,25000,Returned
10657,361,2026-03-17 00:00:00,Ergonomic Office Chair,Furniture,25000,Completed
10658,361,2026-04-30 00:00:00,Noise Cancelling Headphones,Electronics,17000,Completed
10659,361,2026-05-14 00:00:00,Resistance Bands Set,Fitness,1900,Completed
10660,362,2026-04-03 00:00:00,Wireless Mouse,Electronics,2400,Completed
10661,363,2026-02-20 00:00:00,Leather Notebook,Stationery,1200,Returned
10662,364,2026-02-08 00:00:00,Wireless Mouse,Electronics,1200,Completed
10663,364,2026-03-12 00:00:00,Mechanical Keyboard,Electronics,13500,Completed
10664,365,2026-01-19 00:00:00,Yoga Mat,Fitness,1500,Completed
10665,365,2026-02-17 00:00:00,LED Desk Lamp,Furniture,2200,Completed
10666,365,2026-03-27 00:00:00,Yoga Mat,Fitness,1500,Completed
10667,365,2026-05-11 00:00:00,Yoga Mat,Fitness,1500,Completed
10668,366,2026-02-01 00:00:00,Mechanical Keyboard,Electronics,4500,Completed
10669,366,2026-03-30 00:00:00,Wireless Mouse,Electronics,1200,Completed
10670,366,2026-04-16 00:00:00,Resistance Bands Set,Fitness,2850,Completed
10671,367,2026-02-13 00:00:00,Gel Pen Pack of 10,Stationery,500,Completed
10672,367,2026-04-11 00:00:00,Leather Notebook,Stationery,1800,Completed
10673,367,2026-04-28 00:00:00,Leather Notebook,Stationery,1200,Completed
10674,367,2026-05-09 00:00:00,Mechanical Keyboard,Electronics,4500,Completed
10675,368,2025-12-27 00:00:00,Wireless Mouse,Electronics,2400,Completed
10676,368,2026-02-04 00:00:00,LED Desk Lamp,Furniture,4400,Completed
10677,368,2026-03-10 00:00:00,Mechanical Keyboard,Electronics,9000,Completed
10678,368,2026-05-08 00:00:00,Leather Notebook,Stationery,1200,Completed
10679,370,2025-12-31 00:00:00,Wireless Mouse,Electronics,1200,Completed
10680,370,2026-01-21 00:00:00,Resistance Bands Set,Fitness,1900,Completed
10681,370,2026-03-07 00:00:00,Ergonomic Office Chair,Furniture,25000,Completed
10682,372,2026-01-16 00:00:00,Resistance Bands Set,Fitness,950,Completed
10683,372,2026-02-05 00:00:00,LED Desk Lamp,Furniture,6600,Returned
10684,372,2026-03-16 00:00:00,Noise Cancelling Headphones,Electronics,8500,Completed
10685,372,2026-05-11 00:00:00,Noise Cancelling Headphones,Electronics,17000,Completed
10686,373,2026-03-03 00:00:00,Water Bottle 1L,Fitness,1600,Completed
10687,373,2026-04-20 00:00:00,Gel Pen Pack of 10,Stationery,250,Completed
10688,374,2026-01-11 00:00:00,Leather Notebook,Stationery,600,Completed
10689,374,2026-02-25 00:00:00,Ergonomic Office Chair,Furniture,25000,Completed
10690,374,2026-03-26 00:00:00,Wireless Mouse,Electronics,2400,Completed
10691,374,2026-04-13 00:00:00,Resistance Bands Set,Fitness,2850,Completed
10692,375,2025-12-30 00:00:00,Leather Notebook,Stationery,1200,Completed
10693,375,2026-01-22 00:00:00,Water Bottle 1L,Fitness,2400,Completed
10694,376,2026-05-29 00:00:00,Ergonomic Office Chair,Furniture,25000,Completed
10695,377,2025-12-22 00:00:00,Ergonomic Office Chair,Furniture,12500,Completed
10696,378,2026-02-09 00:00:00,LED Desk Lamp,Furniture,4400,Completed
10697,378,2026-04-01 00:00:00,Leather Notebook,Stationery,600,Completed
10698,379,2026-04-23 00:00:00,Yoga Mat,Fitness,3000,Completed
10699,379,2026-05-06 00:00:00,Ergonomic Office Chair,Furniture,25000,Completed
10700,380,2026-02-28 00:00:00,Yoga Mat,Fitness,3000,Returned
10701,380,2026-03-15 00:00:00,Wireless Mouse,Electronics,1200,Completed
10702,380,2026-04-11 00:00:00,Ergonomic Office Chair,Furniture,25000,Completed
10703,380,2026-04-25 00:00:00,Noise Cancelling Headphones,Electronics,8500,Completed
10704,381,2026-02-07 00:00:00,Noise Cancelling Headphones,Electronics,8500,Completed
10705,381,2026-03-16 00:00:00,Ergonomic Office Chair,Furniture,25000,Returned
10706,381,2026-05-06 00:00:00,Wireless Mouse,Electronics,1200,Completed
10707,382,2025-12-20 00:00:00,Resistance Bands Set,Fitness,1900,Completed
10708,382,2026-01-03 00:00:00,Water Bottle 1L,Fitness,800,Completed
10709,383,2026-02-02 00:00:00,Ergonomic Office Chair,Furniture,12500,Completed
10710,383,2026-02-22 00:00:00,Noise Cancelling Headphones,Electronics,25500,Completed
10711,383,2026-03-21 00:00:00,Noise Cancelling Headphones,Electronics,25500,Completed
10712,383,2026-04-11 00:00:00,Wireless Mouse,Electronics,1200,Completed
10713,386,2026-03-19 00:00:00,Resistance Bands Set,Fitness,1900,Completed
10714,386,2026-04-05 00:00:00,Resistance Bands Set,Fitness,1900,Completed
10715,386,2026-05-17 00:00:00,Gel Pen Pack of 10,Stationery,250,Completed
10716,387,2026-01-18 00:00:00,LED Desk Lamp,Furniture,2200,Completed
10717,388,2026-01-08 00:00:00,Gel Pen Pack of 10,Stationery,250,Completed
10718,388,2026-02-18 00:00:00,Ergonomic Office Chair,Furniture,25000,Completed
10719,388,2026-03-19 00:00:00,Noise Cancelling Headphones,Electronics,8500,Completed
10720,388,2026-04-24 00:00:00,Ergonomic Office Chair,Furniture,37500,Completed
10721,389,2026-01-01 00:00:00,Mechanical Keyboard,Electronics,4500,Completed
10722,389,2026-01-16 00:00:00,Leather Notebook,Stationery,600,Completed
10723,389,2026-01-28 00:00:00,Water Bottle 1L,Fitness,2400,Completed
10724,391,2026-01-09 00:00:00,Mechanical Keyboard,Electronics,9000,Completed
10725,391,2026-02-06 00:00:00,Gel Pen Pack of 10,Stationery,500,Completed
10726,391,2026-03-12 00:00:00,Yoga Mat,Fitness,3000,Completed
10727,391,2026-04-29 00:00:00,Leather Notebook,Stationery,1200,Completed
10728,392,2025-12-04 00:00:00,Ergonomic Office Chair,Furniture,12500,Completed
10729,392,2026-01-25 00:00:00,Ergonomic Office Chair,Furniture,37500,Completed
10730,395,2026-03-22 00:00:00,Ergonomic Office Chair,Furniture,25000,Completed
10731,395,2026-04-17 00:00:00,Leather Notebook,Stationery,600,Completed
10732,397,2026-04-06 00:00:00,Water Bottle 1L,Fitness,1600,Completed
10733,397,2026-04-30 00:00:00,Water Bottle 1L,Fitness,1600,Completed
10734,398,2026-02-26 00:00:00,Gel Pen Pack of 10,Stationery,500,Completed
10735,398,2026-04-20 00:00:00,Leather Notebook,Stationery,1800,Returned
10736,398,2026-04-30 00:00:00,Resistance Bands Set,Fitness,950,Completed
10737,399,2026-03-20 00:00:00,Gel Pen Pack of 10,Stationery,250,Completed
10738,399,2026-04-13 00:00:00,Gel Pen Pack of 10,Stationery,250,Completed
10739,401,2026-05-09 00:00:00,Leather Notebook,Stationery,1200,Completed
10740,402,2026-03-02 00:00:00,Noise Cancelling Headphones,Electronics,8500,Completed
10741,402,2026-03-18 00:00:00,Mechanical Keyboard,Electronics,9000,Completed
10742,402,2026-04-20 00:00:00,Resistance Bands Set,Fitness,2850,Completed
10743,403,2026-04-20 00:00:00,Ergonomic Office Chair,Furniture,25000,Completed
10744,403,2026-05-26 00:00:00,Yoga Mat,Fitness,4500,Completed
10745,404,2025-12-12 00:00:00,Mechanical Keyboard,Electronics,4500,Completed
10746,404,2026-01-12 00:00:00,Leather Notebook,Stationery,600,Completed
10747,404,2026-03-01 00:00:00,Yoga Mat,Fitness,4500,Completed
10748,404,2026-04-07 00:00:00,Wireless Mouse,Electronics,2400,Completed
10749,404,2026-05-24 00:00:00,Leather Notebook,Stationery,1200,Completed
10750,405,2026-03-12 00:00:00,LED Desk Lamp,Furniture,4400,Completed
10751,405,2026-03-23 00:00:00,LED Desk Lamp,Furniture,4400,Completed
10752,405,2026-04-03 00:00:00,Leather Notebook,Stationery,1200,Completed
10753,405,2026-04-18 00:00:00,Gel Pen Pack of 10,Stationery,250,Completed
10754,406,2026-04-21 00:00:00,Gel Pen Pack of 10,Stationery,500,Completed
10755,406,2026-05-30 00:00:00,Gel Pen Pack of 10,Stationery,500,Completed
10756,407,2026-03-11 00:00:00,Wireless Mouse,Electronics,1200,Completed
10757,408,2026-05-29 00:00:00,LED Desk Lamp,Furniture,2200,Completed
10758,409,2026-03-31 00:00:00,Water Bottle 1L,Fitness,1600,Completed
10759,409,2026-04-11 00:00:00,Gel Pen Pack of 10,Stationery,500,Completed
10760,409,2026-04-21 00:00:00,LED Desk Lamp,Furniture,4400,Completed
10761,410,2026-02-02 00:00:00,LED Desk Lamp,Furniture,2200,Completed
10762,411,2026-05-11 00:00:00,Leather Notebook,Stationery,600,Completed
10763,412,2026-02-02 00:00:00,Water Bottle 1L,Fitness,800,Completed
10764,412,2026-03-19 00:00:00,Mechanical Keyboard,Electronics,4500,Completed
10765,412,2026-05-18 00:00:00,Gel Pen Pack of 10,Stationery,500,Completed
10766,413,2026-01-17 00:00:00,LED Desk Lamp,Furniture,2200,Completed
10767,414,2026-03-26 00:00:00,Water Bottle 1L,Fitness,800,Completed
10768,414,2026-05-06 00:00:00,LED Desk Lamp,Furniture,2200,Completed
10769,415,2025-12-18 00:00:00,Gel Pen Pack of 10,Stationery,500,Completed
10770,415,2026-01-12 00:00:00,Mechanical Keyboard,Electronics,9000,Completed
10771,416,2026-02-23 00:00:00,Leather Notebook,Stationery,1200,Completed
10772,416,2026-03-29 00:00:00,LED Desk Lamp,Furniture,6600,Completed
10773,416,2026-04-18 00:00:00,Yoga Mat,Fitness,1500,Completed
10774,416,2026-05-26 00:00:00,Resistance Bands Set,Fitness,2850,Completed
10775,417,2026-04-05 00:00:00,Gel Pen Pack of 10,Stationery,250,Completed
10776,417,2026-05-05 00:00:00,Leather Notebook,Stationery,1800,Completed
10777,417,2026-05-29 00:00:00,Leather Notebook,Stationery,1200,Completed
10778,418,2026-05-26 00:00:00,Resistance Bands Set,Fitness,1900,Completed
10779,419,2025-12-26 00:00:00,Noise Cancelling Headphones,Electronics,8500,Completed
10780,420,2026-03-13 00:00:00,Leather Notebook,Stationery,1200,Completed
10781,420,2026-04-04 00:00:00,LED Desk Lamp,Furniture,2200,Returned
10782,420,2026-05-03 00:00:00,Yoga Mat,Fitness,4500,Completed
10783,422,2026-05-13 00:00:00,Wireless Mouse,Electronics,1200,Completed
10784,422,2026-05-31 00:00:00,Yoga Mat,Fitness,1500,Returned
10785,424,2026-04-28 00:00:00,Wireless Mouse,Electronics,1200,Completed
10786,425,2026-01-21 00:00:00,Noise Cancelling Headphones,Electronics,8500,Completed
10787,425,2026-02-28 00:00:00,Noise Cancelling Headphones,Electronics,8500,Completed
10788,428,2026-04-28 00:00:00,Noise Cancelling Headphones,Electronics,17000,Completed
10789,429,2026-03-07 00:00:00,Water Bottle 1L,Fitness,1600,Completed
10790,429,2026-04-24 00:00:00,Water Bottle 1L,Fitness,800,Completed
10791,429,2026-05-12 00:00:00,Mechanical Keyboard,Electronics,9000,Completed
10792,430,2026-03-22 00:00:00,Water Bottle 1L,Fitness,800,Completed
10793,430,2026-04-09 00:00:00,Water Bottle 1L,Fitness,800,Completed
10794,430,2026-04-29 00:00:00,Mechanical Keyboard,Electronics,4500,Completed
10795,431,2026-04-15 00:00:00,Mechanical Keyboard,Electronics,9000,Completed
10796,431,2026-05-13 00:00:00,Water Bottle 1L,Fitness,800,Completed
10797,431,2026-05-23 00:00:00,Gel Pen Pack of 10,Stationery,750,Completed
10798,432,2026-03-19 00:00:00,Water Bottle 1L,Fitness,1600,Completed
10799,432,2026-05-10 00:00:00,Noise Cancelling Headphones,Electronics,25500,Completed
10800,433,2026-01-07 00:00:00,Resistance Bands Set,Fitness,950,Completed
10801,433,2026-03-02 00:00:00,Gel Pen Pack of 10,Stationery,750,Completed
10802,433,2026-04-09 00:00:00,Ergonomic Office Chair,Furniture,12500,Completed
10803,433,2026-04-28 00:00:00,Resistance Bands Set,Fitness,2850,Completed
10804,434,2025-12-08 00:00:00,LED Desk Lamp,Furniture,4400,Completed
10805,435,2025-12-13 00:00:00,Leather Notebook,Stationery,600,Completed
10806,436,2026-03-26 00:00:00,LED Desk Lamp,Furniture,4400,Completed
10807,436,2026-05-17 00:00:00,Wireless Mouse,Electronics,2400,Completed
10808,437,2026-01-18 00:00:00,LED Desk Lamp,Furniture,2200,Completed
10809,438,2026-03-28 00:00:00,LED Desk Lamp,Furniture,4400,Completed
10810,438,2026-04-22 00:00:00,Yoga Mat,Fitness,3000,Completed
10811,438,2026-05-04 00:00:00,Noise Cancelling Headphones,Electronics,25500,Completed
10812,439,2026-03-09 00:00:00,LED Desk Lamp,Furniture,2200,Completed
10813,439,2026-04-05 00:00:00,Noise Cancelling Headphones,Electronics,8500,Completed
10814,439,2026-05-25 00:00:00,Water Bottle 1L,Fitness,2400,Completed
10815,440,2026-02-12 00:00:00,Mechanical Keyboard,Electronics,4500,Completed
10816,440,2026-02-22 00:00:00,Gel Pen Pack of 10,Stationery,500,Completed
10817,441,2026-03-20 00:00:00,Leather Notebook,Stationery,1200,Completed
10818,442,2026-02-08 00:00:00,Noise Cancelling Headphones,Electronics,17000,Completed
10819,442,2026-04-09 00:00:00,Wireless Mouse,Electronics,1200,Completed
10820,442,2026-05-30 00:00:00,Resistance Bands Set,Fitness,950,Completed
10821,443,2026-03-12 00:00:00,Ergonomic Office Chair,Furniture,12500,Completed
10822,443,2026-04-12 00:00:00,Yoga Mat,Fitness,1500,Completed
10823,445,2026-04-07 00:00:00,LED Desk Lamp,Furniture,4400,Completed
10824,445,2026-05-07 00:00:00,Noise Cancelling Headphones,Electronics,25500,Completed
10825,446,2026-02-08 00:00:00,Resistance Bands Set,Fitness,1900,Completed
10826,446,2026-04-08 00:00:00,Gel Pen Pack of 10,Stationery,250,Completed
10827,447,2025-12-02 00:00:00,Yoga Mat,Fitness,3000,Completed
10828,447,2025-12-19 00:00:00,Yoga Mat,Fitness,3000,Completed
10829,447,2026-01-28 00:00:00,Ergonomic Office Chair,Furniture,25000,Completed
10830,447,2026-03-22 00:00:00,Ergonomic Office Chair,Furniture,37500,Completed
10831,447,2026-05-02 00:00:00,Mechanical Keyboard,Electronics,4500,Completed
10832,447,2026-05-28 00:00:00,Leather Notebook,Stationery,1800,Completed
10833,448,2025-12-26 00:00:00,Resistance Bands Set,Fitness,950,Completed
10834,448,2026-01-31 00:00:00,Resistance Bands Set,Fitness,2850,Returned
10835,448,2026-03-05 00:00:00,Wireless Mouse,Electronics,1200,Completed
10836,448,2026-04-29 00:00:00,Gel Pen Pack of 10,Stationery,500,Completed
10837,449,2026-05-17 00:00:00,LED Desk Lamp,Furniture,2200,Returned
10838,450,2026-05-22 00:00:00,Water Bottle 1L,Fitness,800,Completed
10839,451,2026-01-02 00:00:00,Leather Notebook,Stationery,1200,Completed
10840,451,2026-03-02 00:00:00,Wireless Mouse,Electronics,2400,Completed
10841,451,2026-04-16 00:00:00,Gel Pen Pack of 10,Stationery,250,Completed
10842,452,2025-12-09 00:00:00,Ergonomic Office Chair,Furniture,12500,Completed
10843,452,2026-01-14 00:00:00,Mechanical Keyboard,Electronics,13500,Completed
10844,452,2026-02-28 00:00:00,Ergonomic Office Chair,Furniture,37500,Completed
10845,453,2026-04-26 00:00:00,Ergonomic Office Chair,Furniture,12500,Completed
10846,454,2026-03-12 00:00:00,Mechanical Keyboard,Electronics,4500,Completed
10847,454,2026-03-25 00:00:00,Resistance Bands Set,Fitness,2850,Completed
10848,454,2026-04-23 00:00:00,Yoga Mat,Fitness,1500,Completed
10849,455,2025-12-15 00:00:00,Yoga Mat,Fitness,3000,Completed
10850,455,2026-01-15 00:00:00,Water Bottle 1L,Fitness,2400,Completed
10851,456,2026-06-01 00:00:00,Noise Cancelling Headphones,Electronics,17000,Completed
10852,457,2026-04-05 00:00:00,Ergonomic Office Chair,Furniture,25000,Completed
10853,458,2026-03-10 00:00:00,Water Bottle 1L,Fitness,1600,Completed
10854,459,2026-05-18 00:00:00,Wireless Mouse,Electronics,1200,Completed
10855,460,2026-04-15 00:00:00,LED Desk Lamp,Furniture,2200,Completed
10856,460,2026-05-01 00:00:00,Mechanical Keyboard,Electronics,13500,Returned
10857,461,2026-01-28 00:00:00,Ergonomic Office Chair,Furniture,25000,Completed
10858,461,2026-02-07 00:00:00,Mechanical Keyboard,Electronics,9000,Completed
10859,461,2026-03-01 00:00:00,Gel Pen Pack of 10,Stationery,250,Completed
10860,462,2026-05-29 00:00:00,Wireless Mouse,Electronics,1200,Completed
10861,465,2026-04-26 00:00:00,Yoga Mat,Fitness,1500,Completed
10862,465,2026-05-13 00:00:00,LED Desk Lamp,Furniture,6600,Completed
10863,466,2026-05-10 00:00:00,Gel Pen Pack of 10,Stationery,500,Completed
10864,467,2026-03-08 00:00:00,Noise Cancelling Headphones,Electronics,17000,Completed
10865,467,2026-04-18 00:00:00,Resistance Bands Set,Fitness,950,Completed
10866,467,2026-05-24 00:00:00,Gel Pen Pack of 10,Stationery,750,Completed
10867,468,2025-12-08 00:00:00,Mechanical Keyboard,Electronics,4500,Completed
10868,469,2026-04-26 00:00:00,Ergonomic Office Chair,Furniture,12500,Completed
10869,472,2026-01-21 00:00:00,Leather Notebook,Stationery,600,Completed
10870,473,2025-12-08 00:00:00,LED Desk Lamp,Furniture,2200,Completed
10871,473,2026-01-07 00:00:00,Resistance Bands Set,Fitness,2850,Returned
10872,473,2026-02-26 00:00:00,Noise Cancelling Headphones,Electronics,17000,Completed
10873,473,2026-03-25 00:00:00,Leather Notebook,Stationery,1200,Completed
10874,473,2026-04-08 00:00:00,Noise Cancelling Headphones,Electronics,8500,Completed
10875,473,2026-05-01 00:00:00,Noise Cancelling Headphones,Electronics,17000,Completed
10876,474,2026-02-25 00:00:00,Water Bottle 1L,Fitness,1600,Completed
10877,474,2026-03-28 00:00:00,Mechanical Keyboard,Electronics,4500,Completed
10878,474,2026-05-18 00:00:00,Mechanical Keyboard,Electronics,4500,Completed
10879,475,2025-12-27 00:00:00,Leather Notebook,Stationery,600,Completed
10880,475,2026-02-05 00:00:00,Ergonomic Office Chair,Furniture,25000,Completed
10881,475,2026-03-15 00:00:00,Yoga Mat,Fitness,4500,Completed
10882,475,2026-05-06 00:00:00,Yoga Mat,Fitness,3000,Completed
10883,477,2026-05-25 00:00:00,Noise Cancelling Headphones,Electronics,17000,Completed
10884,478,2026-05-12 00:00:00,Mechanical Keyboard,Electronics,9000,Completed
10885,478,2026-05-28 00:00:00,Ergonomic Office Chair,Furniture,12500,Completed
10886,479,2025-12-14 00:00:00,Wireless Mouse,Electronics,1200,Completed
10887,479,2026-02-04 00:00:00,Water Bottle 1L,Fitness,1600,Completed
10888,479,2026-03-16 00:00:00,Yoga Mat,Fitness,4500,Completed
10889,479,2026-04-07 00:00:00,Wireless Mouse,Electronics,2400,Completed
10890,480,2025-12-23 00:00:00,LED Desk Lamp,Furniture,2200,Completed
10891,480,2026-01-30 00:00:00,Yoga Mat,Fitness,1500,Completed
10892,480,2026-03-21 00:00:00,Water Bottle 1L,Fitness,2400,Completed
10893,480,2026-04-09 00:00:00,Gel Pen Pack of 10,Stationery,750,Returned
10894,480,2026-05-18 00:00:00,Noise Cancelling Headphones,Electronics,17000,Completed
10895,481,2026-01-25 00:00:00,Gel Pen Pack of 10,Stationery,250,Returned
10896,481,2026-03-20 00:00:00,Yoga Mat,Fitness,3000,Completed
10897,481,2026-04-22 00:00:00,Gel Pen Pack of 10,Stationery,500,Completed
10898,482,2025-12-05 00:00:00,Water Bottle 1L,Fitness,1600,Returned
10899,482,2026-01-30 00:00:00,Gel Pen Pack of 10,Stationery,500,Completed
10900,482,2026-02-25 00:00:00,Mechanical Keyboard,Electronics,13500,Completed
10901,482,2026-03-17 00:00:00,Ergonomic Office Chair,Furniture,37500,Returned
10902,483,2026-02-08 00:00:00,LED Desk Lamp,Furniture,2200,Completed
10903,483,2026-03-26 00:00:00,Water Bottle 1L,Fitness,800,Completed
10904,484,2026-01-22 00:00:00,Mechanical Keyboard,Electronics,9000,Completed
10905,484,2026-03-19 00:00:00,LED Desk Lamp,Furniture,6600,Completed
10906,484,2026-04-04 00:00:00,LED Desk Lamp,Furniture,4400,Completed
10907,484,2026-05-25 00:00:00,Wireless Mouse,Electronics,3600,Completed
10908,485,2026-01-25 00:00:00,Noise Cancelling Headphones,Electronics,17000,Completed
10909,485,2026-02-08 00:00:00,LED Desk Lamp,Furniture,2200,Completed
10910,485,2026-02-19 00:00:00,Wireless Mouse,Electronics,2400,Completed
10911,485,2026-04-20 00:00:00,Ergonomic Office Chair,Furniture,25000,Completed
10912,486,2026-01-16 00:00:00,Gel Pen Pack of 10,Stationery,500,Completed
10913,486,2026-02-18 00:00:00,Wireless Mouse,Electronics,3600,Completed
10914,486,2026-03-14 00:00:00,Leather Notebook,Stationery,600,Returned
10915,486,2026-05-09 00:00:00,Water Bottle 1L,Fitness,1600,Completed
10916,487,2026-04-06 00:00:00,Mechanical Keyboard,Electronics,4500,Completed
10917,487,2026-05-07 00:00:00,Yoga Mat,Fitness,3000,Completed
10918,487,2026-05-22 00:00:00,Water Bottle 1L,Fitness,800,Completed
10919,489,2025-12-06 00:00:00,Leather Notebook,Stationery,600,Completed
10920,489,2026-02-01 00:00:00,Noise Cancelling Headphones,Electronics,25500,Completed
10921,489,2026-02-24 00:00:00,LED Desk Lamp,Furniture,4400,Completed
10922,489,2026-04-09 00:00:00,Noise Cancelling Headphones,Electronics,25500,Completed
10923,489,2026-05-19 00:00:00,Mechanical Keyboard,Electronics,9000,Completed
10924,491,2026-01-14 00:00:00,Yoga Mat,Fitness,3000,Returned
10925,491,2026-03-04 00:00:00,Wireless Mouse,Electronics,2400,Completed
10926,491,2026-04-16 00:00:00,Mechanical Keyboard,Electronics,9000,Completed
10927,492,2026-04-04 00:00:00,Noise Cancelling Headphones,Electronics,8500,Completed
10928,492,2026-04-20 00:00:00,Noise Cancelling Headphones,Electronics,17000,Completed
10929,493,2026-05-25 00:00:00,Gel Pen Pack of 10,Stationery,500,Completed
10930,494,2026-01-28 00:00:00,Mechanical Keyboard,Electronics,4500,Completed
10931,496,2026-04-30 00:00:00,Water Bottle 1L,Fitness,800,Completed
10932,496,2026-05-11 00:00:00,Gel Pen Pack of 10,Stationery,750,Completed
10933,496,2026-05-26 00:00:00,Resistance Bands Set,Fitness,1900,Completed
10934,497,2026-01-29 00:00:00,Yoga Mat,Fitness,1500,Completed
10935,498,2026-05-22 00:00:00,Gel Pen Pack of 10,Stationery,500,Completed
10936,499,2026-05-04 00:00:00,Water Bottle 1L,Fitness,1600,Completed
